Date,Branch,Qty
2019-04-03,MAA,23.0
2019-04-03,VJW,10.0
2019-04-04,BLR,44.0
2019-04-04,COK,9.0
2019-04-04,MAA,107.0
2019-04-04,SBD,5.0
2019-04-04,VJW,8.0
2019-04-05,BLR,6.0
2019-04-05,COK,12.0
2019-04-05,MAA,280.0
2019-04-05,SBD,29.0
2019-04-05,VJW,3.5
2019-04-06,COK,3.0
2019-04-06,MAA,7.0
2019-04-08,BLR,32.0
2019-04-08,COK,2.0
2019-04-08,MAA,30.0
2019-04-08,SBD,204.0
2019-04-08,VJW,5.0
2019-04-09,BLR,105.0
2019-04-09,COK,15.0
2019-04-09,MAA,41.0
2019-04-09,SBD,203.5
2019-04-09,VJW,7.0
2019-04-10,BLR,215.0
2019-04-10,COK,27.0
2019-04-10,MAA,62.0
2019-04-10,SBD,67.0
2019-04-10,VJW,11.0
2019-04-11,BLR,91.0
2019-04-11,COK,3.5
2019-04-11,MAA,533.0
2019-04-12,BLR,38.0
2019-04-12,COK,157.5
2019-04-12,MAA,615.0
2019-04-12,SBD,69.0
2019-04-12,VJW,20.0
2019-04-13,BLR,187.0
2019-04-13,COK,17.0
2019-04-13,MAA,498.0
2019-04-13,SBD,191.0
2019-04-13,VJW,476.0
2019-04-14,SBD,1.0
2019-04-15,BLR,168.5
2019-04-15,MAA,297.0
2019-04-15,SBD,398.0
2019-04-15,VJW,72.0
2019-04-16,BLR,129.0
2019-04-16,COK,27.5
2019-04-16,MAA,84.0
2019-04-16,SBD,162.5
2019-04-16,VJW,823.0
2019-04-17,BLR,191.0
2019-04-17,COK,233.0
2019-04-17,MAA,172.0
2019-04-17,SBD,92.0
2019-04-17,VJW,311.0
2019-04-18,COK,88.0
2019-04-18,SBD,167.0
2019-04-18,VJW,183.0
2019-04-19,BLR,15.0
2019-04-19,MAA,1263.0
2019-04-19,SBD,198.0
2019-04-19,VJW,302.0
2019-04-20,BLR,136.5
2019-04-20,COK,50.5
2019-04-20,MAA,1078.5
2019-04-20,SBD,106.0
2019-04-20,VJW,176.0
2019-04-21,MAA,265.0
2019-04-21,SBD,5.0
2019-04-22,BLR,58.0
2019-04-22,COK,88.0
2019-04-22,MAA,324.0
2019-04-22,SBD,292.0
2019-04-22,VJW,130.0
2019-04-23,BLR,116.0
2019-04-23,COK,51.5
2019-04-23,MAA,428.5
2019-04-23,SBD,72.0
2019-04-23,VJW,135.0
2019-04-24,BLR,18.0
2019-04-24,COK,101.0
2019-04-24,MAA,501.0
2019-04-24,SBD,10.0
2019-04-24,VJW,74.5
2019-04-25,BLR,83.0
2019-04-25,COK,227.0
2019-04-25,MAA,559.0
2019-04-25,SBD,213.0
2019-04-25,VJW,258.0
2019-04-26,BLR,172.0
2019-04-26,COK,167.0
2019-04-26,MAA,418.0
2019-04-26,SBD,91.0
2019-04-26,VJW,136.5
2019-04-27,BLR,3.0
2019-04-27,COK,106.5
2019-04-27,MAA,1033.0
2019-04-27,SBD,112.0
2019-04-27,VJW,456.0
2019-04-28,BLR,6.0
2019-04-28,MAA,493.5
2019-04-28,SBD,1.0
2019-04-29,BLR,45.5
2019-04-29,COK,17.0
2019-04-29,MAA,1009.0
2019-04-29,SBD,104.0
2019-04-29,VJW,515.5
2019-04-30,BLR,807.5
2019-04-30,COK,353.0
2019-04-30,MAA,3000.0
2019-04-30,SBD,771.5
2019-04-30,VJW,1147.0
2019-05-01,BLR,237.0
2019-05-01,COK,128.0
2019-05-01,SBD,410.0
2019-05-01,VJW,1106.0
2019-05-02,BLR,8.0
2019-05-02,MAA,417.0
2019-05-02,SBD,279.0
2019-05-02,VJW,123.0
2019-05-03,BLR,215.0
2019-05-03,COK,1.5
2019-05-03,MAA,10.5
2019-05-03,SBD,0.5
2019-05-04,BLR,2.0
2019-05-04,COK,6.0
2019-05-04,MAA,291.5
2019-05-04,SBD,27.0
2019-05-04,VJW,15.0
2019-05-05,MAA,482.0
2019-05-05,VJW,40.0
2019-05-06,BLR,19.0
2019-05-06,COK,14.0
2019-05-06,MAA,37.0
2019-05-06,SBD,83.0
2019-05-06,VJW,100.0
2019-05-07,BLR,15.0
2019-05-07,COK,30.5
2019-05-07,MAA,389.0
2019-05-07,SBD,237.0
2019-05-07,VJW,66.0
2019-05-08,BLR,8.0
2019-05-08,COK,35.0
2019-05-08,MAA,386.0
2019-05-08,SBD,77.0
2019-05-08,VJW,247.0
2019-05-09,BLR,15.0
2019-05-09,COK,28.0
2019-05-09,MAA,344.0
2019-05-09,SBD,173.0
2019-05-09,VJW,915.0
2019-05-10,BLR,12.0
2019-05-10,COK,49.0
2019-05-10,MAA,410.0
2019-05-10,SBD,291.0
2019-05-10,VJW,606.0
2019-05-11,BLR,12.0
2019-05-11,COK,27.0
2019-05-11,MAA,823.0
2019-05-11,SBD,177.0
2019-05-11,VJW,85.0
2019-05-12,MAA,319.0
2019-05-12,VJW,810.0
2019-05-13,BLR,26.0
2019-05-13,COK,26.5
2019-05-13,MAA,166.0
2019-05-13,SBD,81.5
2019-05-13,VJW,168.0
2019-05-14,BLR,62.0
2019-05-14,COK,53.5
2019-05-14,MAA,186.5
2019-05-14,SBD,169.0
2019-05-14,VJW,659.0
2019-05-15,BLR,13.0
2019-05-15,COK,21.0
2019-05-15,MAA,384.0
2019-05-15,SBD,236.0
2019-05-15,VJW,200.0
2019-05-16,BLR,98.5
2019-05-16,COK,34.5
2019-05-16,MAA,258.5
2019-05-16,SBD,119.5
2019-05-16,VJW,366.0
2019-05-17,BLR,85.0
2019-05-17,COK,54.0
2019-05-17,MAA,608.0
2019-05-17,SBD,8.0
2019-05-17,VJW,279.5
2019-05-18,BLR,17.5
2019-05-18,COK,24.0
2019-05-18,MAA,564.0
2019-05-18,SBD,220.5
2019-05-18,VJW,351.0
2019-05-20,BLR,19.0
2019-05-20,COK,34.5
2019-05-20,MAA,304.0
2019-05-20,SBD,224.0
2019-05-20,VJW,340.5
2019-05-21,BLR,46.0
2019-05-21,COK,42.0
2019-05-21,MAA,353.0
2019-05-21,SBD,37.0
2019-05-21,VJW,381.0
2019-05-22,BLR,13.5
2019-05-22,COK,45.5
2019-05-22,MAA,435.0
2019-05-22,SBD,139.0
2019-05-22,VJW,177.0
2019-05-23,BLR,17.0
2019-05-23,COK,25.0
2019-05-23,MAA,218.0
2019-05-23,SBD,289.5
2019-05-23,VJW,243.5
2019-05-24,BLR,27.5
2019-05-24,MAA,250.0
2019-05-24,SBD,63.5
2019-05-24,VJW,1193.0
2019-05-25,BLR,78.0
2019-05-25,COK,13.0
2019-05-25,MAA,785.0
2019-05-25,SBD,138.0
2019-05-25,VJW,270.0
2019-05-27,BLR,136.0
2019-05-27,COK,36.5
2019-05-27,MAA,372.0
2019-05-27,SBD,346.0
2019-05-27,VJW,243.0
2019-05-28,BLR,157.0
2019-05-28,COK,41.0
2019-05-28,MAA,461.0
2019-05-28,SBD,117.0
2019-05-28,VJW,67.0
2019-05-29,BLR,40.5
2019-05-29,COK,115.5
2019-05-29,MAA,617.0
2019-05-29,SBD,168.0
2019-05-29,VJW,148.0
2019-05-30,BLR,450.0
2019-05-30,COK,223.5
2019-05-30,MAA,875.5
2019-05-30,SBD,553.0
2019-05-30,VJW,742.0
2019-05-31,BLR,617.0
2019-05-31,COK,240.0
2019-05-31,MAA,1150.0
2019-05-31,SBD,707.0
2019-05-31,VJW,1446.0
2019-06-01,MAA,4.0
2019-06-03,MAA,1.0
2019-06-03,SBD,153.0
2019-06-04,MAA,245.0
2019-06-04,SBD,204.0
2019-06-05,BLR,10.0
2019-06-05,COK,9.0
2019-06-05,MAA,107.0
2019-06-05,SBD,162.0
2019-06-05,VJW,48.0
2019-06-06,BLR,3.5
2019-06-06,COK,1.5
2019-06-06,MAA,62.0
2019-06-06,SBD,1.0
2019-06-06,VJW,30.0
2019-06-07,BLR,3.0
2019-06-07,COK,5.0
2019-06-07,MAA,176.0
2019-06-07,SBD,208.0
2019-06-07,VJW,5.0
2019-06-08,BLR,10.0
2019-06-08,COK,11.0
2019-06-08,MAA,234.0
2019-06-08,SBD,44.0
2019-06-08,VJW,38.0
2019-06-10,COK,15.0
2019-06-10,MAA,146.0
2019-06-10,SBD,97.5
2019-06-10,VJW,86.0
2019-06-11,BLR,12.0
2019-06-11,MAA,273.0
2019-06-11,SBD,51.0
2019-06-11,VJW,12.0
2019-06-12,BLR,16.0
2019-06-12,COK,4.0
2019-06-12,MAA,214.0
2019-06-12,SBD,3.0
2019-06-12,VJW,112.0
2019-06-13,BLR,16.0
2019-06-13,COK,9.0
2019-06-13,MAA,415.0
2019-06-13,SBD,146.0
2019-06-13,VJW,257.0
2019-06-14,BLR,39.0
2019-06-14,COK,43.0
2019-06-14,MAA,108.0
2019-06-14,SBD,158.0
2019-06-14,VJW,267.0
2019-06-15,BLR,3.5
2019-06-15,COK,15.5
2019-06-15,MAA,354.0
2019-06-15,SBD,36.0
2019-06-15,VJW,16.0
2019-06-17,BLR,28.0
2019-06-17,COK,13.5
2019-06-17,MAA,427.0
2019-06-17,SBD,45.5
2019-06-17,VJW,15.0
2019-06-18,BLR,25.0
2019-06-18,COK,5.5
2019-06-18,MAA,444.0
2019-06-18,SBD,79.0
2019-06-18,VJW,68.0
2019-06-19,BLR,35.0
2019-06-19,COK,25.0
2019-06-19,MAA,496.5
2019-06-19,SBD,68.0
2019-06-19,VJW,40.0
2019-06-20,BLR,34.0
2019-06-20,COK,33.0
2019-06-20,MAA,228.0
2019-06-20,SBD,57.0
2019-06-20,VJW,159.0
2019-06-21,BLR,3.0
2019-06-21,COK,5.0
2019-06-21,MAA,239.0
2019-06-21,SBD,194.0
2019-06-21,VJW,26.0
2019-06-22,COK,39.5
2019-06-22,MAA,162.0
2019-06-22,SBD,30.0
2019-06-22,VJW,34.0
2019-06-24,BLR,46.0
2019-06-24,COK,5.5
2019-06-24,MAA,338.5
2019-06-24,SBD,44.0
2019-06-24,VJW,213.0
2019-06-25,BLR,31.0
2019-06-25,COK,3.0
2019-06-25,MAA,232.0
2019-06-25,SBD,127.0
2019-06-25,VJW,32.0
2019-06-26,BLR,14.0
2019-06-26,COK,151.0
2019-06-26,MAA,336.0
2019-06-26,SBD,155.0
2019-06-26,VJW,60.0
2019-06-27,BLR,84.0
2019-06-27,COK,19.5
2019-06-27,MAA,405.5
2019-06-27,SBD,214.0
2019-06-27,VJW,63.0
2019-06-28,BLR,184.0
2019-06-28,COK,34.5
2019-06-28,MAA,230.0
2019-06-28,SBD,156.5
2019-06-28,VJW,317.0
2019-06-29,BLR,330.0
2019-06-29,COK,103.0
2019-06-29,MAA,288.0
2019-06-29,SBD,378.5
2019-06-29,VJW,279.5
2019-06-30,BLR,176.0
2019-06-30,COK,161.0
2019-06-30,MAA,339.5
2019-06-30,SBD,216.0
2019-06-30,VJW,331.0
2019-07-01,BLR,2.0
2019-07-02,BLR,6.0
2019-07-02,MAA,76.0
2019-07-03,BLR,6.0
2019-07-03,COK,1.0
2019-07-03,MAA,60.0
2019-07-03,SBD,12.5
2019-07-03,VJW,2.5
2019-07-04,BLR,12.0
2019-07-04,COK,9.0
2019-07-04,MAA,84.0
2019-07-04,VJW,8.0
2019-07-05,BLR,11.0
2019-07-05,COK,3.0
2019-07-05,MAA,73.0
2019-07-05,SBD,2.0
2019-07-05,VJW,31.0
2019-07-06,COK,1.0
2019-07-06,MAA,30.0
2019-07-06,SBD,29.0
2019-07-06,VJW,23.0
2019-07-08,BLR,20.0
2019-07-08,COK,13.5
2019-07-08,MAA,50.0
2019-07-08,SBD,18.0
2019-07-08,VJW,1.0
2019-07-09,BLR,26.0
2019-07-09,COK,20.0
2019-07-09,MAA,125.0
2019-07-09,SBD,14.0
2019-07-09,VJW,1.0
2019-07-10,BLR,29.0
2019-07-10,COK,52.0
2019-07-10,MAA,108.5
2019-07-10,SBD,1.0
2019-07-10,VJW,66.0
2019-07-11,BLR,45.0
2019-07-11,COK,88.0
2019-07-11,MAA,400.0
2019-07-11,SBD,12.0
2019-07-11,VJW,8.0
2019-07-12,BLR,11.5
2019-07-12,COK,28.5
2019-07-12,MAA,260.5
2019-07-12,SBD,56.0
2019-07-12,VJW,1.5
2019-07-13,BLR,6.5
2019-07-13,COK,34.0
2019-07-13,MAA,263.0
2019-07-13,SBD,40.0
2019-07-15,BLR,36.5
2019-07-15,COK,6.0
2019-07-15,MAA,260.5
2019-07-15,SBD,82.5
2019-07-15,VJW,3.0
2019-07-16,BLR,12.0
2019-07-16,COK,19.0
2019-07-16,MAA,116.0
2019-07-16,SBD,77.0
2019-07-16,VJW,29.0
2019-07-17,BLR,59.0
2019-07-17,COK,41.0
2019-07-17,MAA,413.0
2019-07-17,SBD,60.0
2019-07-17,VJW,1.0
2019-07-18,BLR,15.0
2019-07-18,COK,12.5
2019-07-18,MAA,186.0
2019-07-18,SBD,9.0
2019-07-18,VJW,12.0
2019-07-19,BLR,32.0
2019-07-19,COK,4.0
2019-07-19,MAA,62.5
2019-07-19,SBD,102.0
2019-07-19,VJW,32.0
2019-07-20,COK,1.0
2019-07-20,MAA,35.0
2019-07-20,SBD,130.0
2019-07-22,BLR,1.0
2019-07-22,COK,2.0
2019-07-22,MAA,73.0
2019-07-22,SBD,18.0
2019-07-22,VJW,62.0
2019-07-23,BLR,11.0
2019-07-23,COK,26.5
2019-07-23,MAA,210.0
2019-07-23,SBD,81.0
2019-07-24,BLR,64.0
2019-07-24,COK,11.0
2019-07-24,MAA,275.0
2019-07-24,SBD,86.0
2019-07-24,VJW,18.0
2019-07-25,BLR,5.0
2019-07-25,COK,4.5
2019-07-25,MAA,221.5
2019-07-25,SBD,22.0
2019-07-26,BLR,30.0
2019-07-26,COK,16.0
2019-07-26,MAA,149.0
2019-07-26,SBD,131.5
2019-07-26,VJW,54.0
2019-07-27,BLR,55.5
2019-07-27,COK,5.0
2019-07-27,MAA,69.0
2019-07-27,SBD,18.0
2019-07-27,VJW,71.0
2019-07-29,BLR,216.0
2019-07-29,COK,133.0
2019-07-29,MAA,238.0
2019-07-29,SBD,257.0
2019-07-29,VJW,53.0
2019-07-30,BLR,183.0
2019-07-30,COK,523.0
2019-07-30,MAA,693.5
2019-07-30,SBD,213.0
2019-07-30,VJW,240.0
2019-07-31,BLR,327.5
2019-07-31,COK,72.0
2019-07-31,MAA,182.0
2019-07-31,SBD,164.0
2019-07-31,VJW,307.0
2019-08-01,MAA,14.0
2019-08-02,MAA,154.0
2019-08-02,VJW,1.0
2019-08-03,COK,6.0
2019-08-03,SBD,2.0
2019-08-05,BLR,9.0
2019-08-05,COK,20.0
2019-08-05,MAA,65.5
2019-08-05,VJW,27.0
2019-08-06,BLR,4.0
2019-08-06,COK,14.0
2019-08-06,MAA,32.0
2019-08-06,SBD,3.0
2019-08-06,VJW,3.0
2019-08-07,BLR,26.0
2019-08-07,COK,10.0
2019-08-07,MAA,76.0
2019-08-07,SBD,21.0
2019-08-08,BLR,33.0
2019-08-08,COK,6.0
2019-08-08,MAA,114.0
2019-08-08,SBD,125.0
2019-08-08,VJW,4.0
2019-08-09,BLR,28.0
2019-08-09,COK,14.0
2019-08-09,MAA,101.0
2019-08-09,SBD,6.0
2019-08-10,BLR,21.0
2019-08-10,MAA,35.5
2019-08-10,SBD,1.0
2019-08-10,VJW,12.0
2019-08-12,BLR,6.5
2019-08-12,COK,26.0
2019-08-12,MAA,56.0
2019-08-12,VJW,14.0
2019-08-13,BLR,3.0
2019-08-13,COK,125.0
2019-08-13,MAA,303.0
2019-08-13,SBD,7.0
2019-08-14,BLR,17.0
2019-08-14,COK,68.5
2019-08-14,MAA,361.0
2019-08-14,SBD,251.0
2019-08-14,VJW,60.0
2019-08-19,COK,3.0
2019-08-19,MAA,80.0
2019-08-19,SBD,30.0
2019-08-19,VJW,92.0
2019-08-20,BLR,11.0
2019-08-20,COK,37.0
2019-08-20,MAA,258.0
2019-08-20,SBD,17.0
2019-08-20,VJW,10.0
2019-08-21,BLR,15.0
2019-08-21,COK,85.0
2019-08-21,MAA,145.0
2019-08-21,SBD,35.0
2019-08-21,VJW,13.0
2019-08-22,COK,13.0
2019-08-22,MAA,321.5
2019-08-22,SBD,126.0
2019-08-22,VJW,33.0
2019-08-23,BLR,58.0
2019-08-23,COK,87.0
2019-08-23,MAA,188.0
2019-08-23,SBD,64.0
2019-08-24,BLR,1.0
2019-08-24,COK,32.0
2019-08-24,MAA,54.0
2019-08-24,SBD,48.0
2019-08-26,BLR,24.0
2019-08-26,COK,69.0
2019-08-26,MAA,152.0
2019-08-26,SBD,27.5
2019-08-26,VJW,44.0
2019-08-27,BLR,9.0
2019-08-27,COK,12.0
2019-08-27,MAA,236.0
2019-08-27,SBD,61.0
2019-08-27,VJW,71.0
2019-08-28,BLR,118.0
2019-08-28,COK,75.0
2019-08-28,MAA,207.0
2019-08-28,SBD,198.0
2019-08-28,VJW,170.0
2019-08-29,BLR,272.0
2019-08-29,COK,44.0
2019-08-29,MAA,303.5
2019-08-29,SBD,313.0
2019-08-29,VJW,167.0
2019-08-30,BLR,262.0
2019-08-30,COK,113.5
2019-08-30,MAA,536.5
2019-08-30,SBD,354.0
2019-08-30,VJW,240.0
2019-08-31,BLR,99.5
2019-08-31,COK,570.0
2019-08-31,MAA,592.0
2019-08-31,SBD,227.5
2019-08-31,VJW,288.5
2019-09-03,VJW,4.0
2019-09-04,COK,50.0
2019-09-04,MAA,172.0
2019-09-04,SBD,4.0
2019-09-04,VJW,2.0
2019-09-05,COK,4.5
2019-09-05,MAA,101.0
2019-09-05,SBD,30.0
2019-09-05,VJW,3.0
2019-09-06,BLR,6.0
2019-09-06,COK,2.0
2019-09-06,MAA,82.0
2019-09-06,SBD,7.0
2019-09-06,VJW,11.0
2019-09-07,COK,30.0
2019-09-07,MAA,111.5
2019-09-07,SBD,5.0
2019-09-07,VJW,5.0
2019-09-09,BLR,59.0
2019-09-09,COK,10.0
2019-09-09,MAA,126.0
2019-09-10,BLR,1.0
2019-09-10,MAA,140.0
2019-09-10,SBD,6.0
2019-09-10,VJW,3.5
2019-09-11,MAA,217.0
2019-09-11,SBD,2.5
2019-09-12,BLR,38.0
2019-09-12,MAA,69.5
2019-09-12,SBD,105.0
2019-09-13,BLR,66.0
2019-09-13,COK,42.0
2019-09-13,MAA,120.0
2019-09-13,SBD,59.0
2019-09-13,VJW,1.0
2019-09-14,COK,98.0
2019-09-14,MAA,38.0
2019-09-14,SBD,61.0
2019-09-14,VJW,35.0
2019-09-16,BLR,77.0
2019-09-16,COK,34.0
2019-09-16,MAA,318.0
2019-09-16,SBD,57.0
2019-09-16,VJW,38.0
2019-09-17,BLR,58.0
2019-09-17,COK,14.0
2019-09-17,MAA,156.0
2019-09-17,SBD,4.0
2019-09-17,VJW,6.0
2019-09-18,BLR,82.0
2019-09-18,COK,80.0
2019-09-18,MAA,101.0
2019-09-18,SBD,128.0
2019-09-18,VJW,17.0
2019-09-19,BLR,79.0
2019-09-19,COK,34.0
2019-09-19,MAA,95.0
2019-09-19,SBD,267.0
2019-09-19,VJW,39.0
2019-09-20,BLR,35.5
2019-09-20,COK,202.0
2019-09-20,MAA,100.0
2019-09-20,SBD,3.0
2019-09-20,VJW,5.0
2019-09-21,BLR,104.0
2019-09-21,COK,75.0
2019-09-21,MAA,105.0
2019-09-21,SBD,4.0
2019-09-21,VJW,7.0
2019-09-22,MAA,76.0
2019-09-23,BLR,162.0
2019-09-23,MAA,98.0
2019-09-23,SBD,25.0
2019-09-23,VJW,235.0
2019-09-24,BLR,115.0
2019-09-24,COK,98.0
2019-09-24,MAA,64.5
2019-09-24,SBD,116.5
2019-09-24,VJW,41.0
2019-09-25,BLR,47.0
2019-09-25,COK,16.0
2019-09-25,MAA,841.0
2019-09-25,SBD,121.0
2019-09-25,VJW,103.0
2019-09-26,BLR,187.0
2019-09-26,COK,214.0
2019-09-26,MAA,562.0
2019-09-26,SBD,175.0
2019-09-26,VJW,258.0
2019-09-27,BLR,506.0
2019-09-27,COK,48.0
2019-09-27,MAA,627.0
2019-09-27,SBD,324.0
2019-09-27,VJW,64.0
2019-09-28,BLR,343.0
2019-09-28,COK,174.0
2019-09-28,MAA,356.5
2019-09-28,SBD,221.0
2019-09-28,VJW,262.0
2019-09-29,BLR,43.0
2019-09-29,COK,359.0
2019-09-29,MAA,754.0
2019-09-29,SBD,20.0
2019-09-29,VJW,30.0
2019-09-30,BLR,218.5
2019-09-30,COK,45.0
2019-09-30,MAA,555.5
2019-09-30,SBD,703.0
2019-09-30,VJW,783.0
2019-10-03,COK,7.0
2019-10-03,MAA,9.0
2019-10-03,SBD,20.0
2019-10-03,VJW,8.0
2019-10-04,BLR,6.0
2019-10-04,COK,6.0
2019-10-04,MAA,36.0
2019-10-04,SBD,11.0
2019-10-04,VJW,51.0
2019-10-05,BLR,7.5
2019-10-05,COK,6.0
2019-10-05,SBD,66.0
2019-10-05,VJW,3.0
2019-10-06,VJW,160.0
2019-10-07,SBD,37.0
2019-10-07,VJW,137.0
2019-10-09,BLR,6.0
2019-10-09,COK,4.0
2019-10-09,MAA,108.0
2019-10-09,SBD,168.0
2019-10-09,VJW,80.0
2019-10-10,BLR,5.5
2019-10-10,COK,2.0
2019-10-10,MAA,214.5
2019-10-10,SBD,75.0
2019-10-10,VJW,102.0
2019-10-11,BLR,12.5
2019-10-11,COK,43.0
2019-10-11,MAA,156.0
2019-10-11,SBD,29.0
2019-10-11,VJW,40.0
2019-10-12,BLR,9.0
2019-10-12,MAA,83.0
2019-10-12,SBD,137.0
2019-10-12,VJW,134.0
2019-10-14,BLR,1.0
2019-10-14,COK,10.0
2019-10-14,MAA,122.0
2019-10-14,SBD,6.0
2019-10-14,VJW,64.0
2019-10-15,BLR,68.5
2019-10-15,COK,17.0
2019-10-15,MAA,80.5
2019-10-15,SBD,74.5
2019-10-15,VJW,5.0
2019-10-16,BLR,9.5
2019-10-16,COK,3.0
2019-10-16,MAA,92.0
2019-10-16,SBD,71.0
2019-10-16,VJW,3.0
2019-10-17,BLR,48.5
2019-10-17,COK,29.5
2019-10-17,MAA,10.5
2019-10-17,SBD,59.0
2019-10-17,VJW,13.0
2019-10-18,BLR,143.0
2019-10-18,COK,7.0
2019-10-18,MAA,104.0
2019-10-18,SBD,93.0
2019-10-18,VJW,201.0
2019-10-19,BLR,49.0
2019-10-19,MAA,176.5
2019-10-19,SBD,4.0
2019-10-19,VJW,48.0
2019-10-21,BLR,54.0
2019-10-21,COK,2.5
2019-10-21,MAA,277.5
2019-10-21,SBD,83.0
2019-10-21,VJW,15.0
2019-10-22,BLR,13.0
2019-10-22,COK,9.0
2019-10-22,MAA,269.0
2019-10-22,SBD,83.0
2019-10-22,VJW,11.0
2019-10-23,BLR,25.5
2019-10-23,COK,15.0
2019-10-23,MAA,60.0
2019-10-23,SBD,327.0
2019-10-23,VJW,113.0
2019-10-24,BLR,15.5
2019-10-24,COK,37.0
2019-10-24,MAA,184.0
2019-10-24,SBD,109.0
2019-10-24,VJW,50.0
2019-10-25,BLR,156.5
2019-10-25,COK,51.0
2019-10-25,MAA,69.0
2019-10-25,SBD,100.0
2019-10-25,VJW,186.0
2019-10-26,BLR,235.0
2019-10-26,COK,107.0
2019-10-26,MAA,138.0
2019-10-26,SBD,77.0
2019-10-26,VJW,325.0
2019-10-28,COK,26.0
2019-10-29,BLR,244.0
2019-10-29,COK,11.0
2019-10-29,MAA,372.0
2019-10-29,SBD,285.0
2019-10-29,VJW,53.0
2019-10-30,BLR,234.0
2019-10-30,COK,26.5
2019-10-30,MAA,838.0
2019-10-30,SBD,478.0
2019-10-30,VJW,71.0
2019-10-31,BLR,69.5
2019-10-31,COK,191.0
2019-10-31,MAA,927.5
2019-10-31,SBD,334.0
2019-10-31,VJW,407.0
2019-11-01,VJW,15.0
2019-11-02,MAA,12.0
2019-11-02,SBD,12.0
2019-11-02,VJW,2.0
2019-11-04,COK,2.0
2019-11-04,MAA,25.0
2019-11-04,SBD,48.0
2019-11-05,COK,2.0
2019-11-05,MAA,95.0
2019-11-05,SBD,50.0
2019-11-05,VJW,2.0
2019-11-06,BLR,17.0
2019-11-06,COK,7.0
2019-11-06,MAA,69.0
2019-11-06,SBD,21.0
2019-11-07,BLR,13.0
2019-11-07,COK,19.0
2019-11-07,MAA,16.5
2019-11-07,SBD,160.5
2019-11-07,VJW,10.0
2019-11-08,BLR,2.0
2019-11-08,COK,2.0
2019-11-08,MAA,38.0
2019-11-08,SBD,85.0
2019-11-08,VJW,16.0
2019-11-09,COK,1.0
2019-11-09,MAA,61.0
2019-11-09,SBD,5.0
2019-11-11,BLR,19.0
2019-11-11,COK,12.0
2019-11-11,MAA,65.0
2019-11-11,SBD,16.0
2019-11-11,VJW,8.0
2019-11-12,BLR,26.0
2019-11-12,COK,12.0
2019-11-12,MAA,44.0
2019-11-12,SBD,7.0
2019-11-13,BLR,5.0
2019-11-13,COK,25.0
2019-11-13,MAA,45.0
2019-11-13,SBD,10.0
2019-11-13,VJW,2.0
2019-11-14,BLR,20.0
2019-11-14,COK,8.0
2019-11-14,MAA,18.0
2019-11-14,VJW,5.0
2019-11-15,BLR,41.0
2019-11-15,COK,19.0
2019-11-15,MAA,51.5
2019-11-15,SBD,16.0
2019-11-15,VJW,5.0
2019-11-16,BLR,5.0
2019-11-16,COK,5.0
2019-11-16,MAA,100.5
2019-11-16,SBD,20.0
2019-11-16,VJW,19.0
2019-11-18,BLR,24.0
2019-11-18,COK,12.0
2019-11-18,MAA,52.0
2019-11-18,SBD,5.5
2019-11-18,VJW,36.0
2019-11-19,BLR,21.0
2019-11-19,COK,7.0
2019-11-19,MAA,24.0
2019-11-19,SBD,30.0
2019-11-19,VJW,7.0
2019-11-20,BLR,2.5
2019-11-20,COK,8.0
2019-11-20,MAA,66.0
2019-11-20,SBD,28.5
2019-11-21,BLR,117.0
2019-11-21,COK,16.0
2019-11-21,MAA,47.0
2019-11-21,SBD,100.0
2019-11-21,VJW,33.0
2019-11-22,BLR,23.0
2019-11-22,COK,39.0
2019-11-22,MAA,233.5
2019-11-22,SBD,74.5
2019-11-22,VJW,103.0
2019-11-23,BLR,89.0
2019-11-23,COK,6.5
2019-11-23,MAA,94.0
2019-11-23,SBD,70.0
2019-11-23,VJW,11.0
2019-11-25,BLR,100.0
2019-11-25,COK,94.0
2019-11-25,MAA,95.5
2019-11-25,SBD,134.0
2019-11-25,VJW,21.0
2019-11-26,BLR,140.0
2019-11-26,COK,36.0
2019-11-26,MAA,351.5
2019-11-26,SBD,112.0
2019-11-26,VJW,30.0
2019-11-27,BLR,34.0
2019-11-27,COK,89.0
2019-11-27,MAA,350.5
2019-11-27,SBD,381.0
2019-11-27,VJW,313.0
2019-11-28,BLR,377.0
2019-11-28,COK,186.5
2019-11-28,MAA,173.5
2019-11-28,SBD,71.0
2019-11-28,VJW,501.0
2019-11-29,BLR,185.0
2019-11-29,COK,253.5
2019-11-29,MAA,174.5
2019-11-29,SBD,849.5
2019-11-29,VJW,558.0
2019-11-30,BLR,648.0
2019-11-30,COK,145.0
2019-11-30,MAA,396.0
2019-11-30,SBD,385.5
2019-11-30,VJW,112.0
2019-12-02,SBD,3.0
2019-12-02,VJW,5.0
2019-12-03,BLR,34.0
2019-12-03,MAA,44.0
2019-12-03,VJW,146.0
2019-12-04,BLR,54.0
2019-12-04,COK,7.0
2019-12-04,MAA,199.5
2019-12-04,SBD,361.0
2019-12-04,VJW,14.0
2019-12-05,BLR,59.0
2019-12-05,COK,21.0
2019-12-05,MAA,119.5
2019-12-05,SBD,312.0
2019-12-05,VJW,10.0
2019-12-06,BLR,57.0
2019-12-06,COK,40.5
2019-12-06,MAA,149.0
2019-12-06,SBD,18.0
2019-12-06,VJW,10.0
2019-12-07,BLR,74.0
2019-12-07,COK,9.0
2019-12-07,MAA,107.5
2019-12-07,SBD,62.0
2019-12-09,BLR,10.0
2019-12-09,COK,11.0
2019-12-09,MAA,35.0
2019-12-09,SBD,69.0
2019-12-09,VJW,17.0
2019-12-10,BLR,10.0
2019-12-10,COK,12.0
2019-12-10,MAA,28.5
2019-12-10,SBD,13.5
2019-12-10,VJW,19.0
2019-12-11,BLR,1.0
2019-12-11,COK,23.0
2019-12-11,MAA,56.0
2019-12-11,SBD,14.0
2019-12-11,VJW,5.0
2019-12-12,BLR,46.0
2019-12-12,COK,20.0
2019-12-12,MAA,243.0
2019-12-12,SBD,29.0
2019-12-13,BLR,5.0
2019-12-13,COK,8.0
2019-12-13,MAA,12.0
2019-12-13,SBD,19.0
2019-12-13,VJW,24.0
2019-12-14,BLR,1.0
2019-12-14,COK,16.0
2019-12-14,MAA,149.5
2019-12-14,SBD,96.0
2019-12-14,VJW,3.5
2019-12-16,COK,19.0
2019-12-16,MAA,38.0
2019-12-16,SBD,206.0
2019-12-16,VJW,12.0
2019-12-17,BLR,37.0
2019-12-17,COK,6.0
2019-12-17,MAA,19.0
2019-12-17,SBD,96.0
2019-12-18,BLR,30.0
2019-12-18,COK,89.0
2019-12-18,MAA,37.0
2019-12-18,SBD,24.0
2019-12-18,VJW,20.0
2019-12-19,COK,44.0
2019-12-19,MAA,6.0
2019-12-19,SBD,59.0
2019-12-19,VJW,173.0
2019-12-20,BLR,48.0
2019-12-20,COK,31.5
2019-12-20,MAA,82.5
2019-12-20,SBD,24.0
2019-12-20,VJW,151.0
2019-12-21,BLR,3.0
2019-12-21,COK,49.0
2019-12-21,MAA,46.0
2019-12-21,SBD,99.0
2019-12-21,VJW,135.0
2019-12-23,BLR,83.0
2019-12-23,COK,99.0
2019-12-23,MAA,113.0
2019-12-23,SBD,18.0
2019-12-23,VJW,36.0
2019-12-24,BLR,142.0
2019-12-24,COK,120.0
2019-12-24,MAA,535.0
2019-12-24,SBD,115.0
2019-12-24,VJW,182.5
2019-12-25,MAA,36.0
2019-12-26,BLR,140.5
2019-12-26,COK,214.0
2019-12-26,MAA,201.0
2019-12-26,SBD,143.0
2019-12-26,VJW,274.0
2019-12-27,BLR,107.0
2019-12-27,COK,37.0
2019-12-27,MAA,622.0
2019-12-27,SBD,100.5
2019-12-27,VJW,384.0
2019-12-28,BLR,414.0
2019-12-28,COK,94.0
2019-12-28,MAA,337.0
2019-12-28,SBD,1528.0
2019-12-28,VJW,498.0
2019-12-29,COK,217.0
2019-12-29,MAA,1259.0
2019-12-29,SBD,1595.0
2019-12-30,BLR,843.5
2019-12-30,COK,298.0
2019-12-30,MAA,1165.0
2019-12-30,SBD,1850.0
2019-12-30,VJW,461.0
2019-12-31,BLR,411.5
2019-12-31,COK,489.5
2019-12-31,MAA,583.0
2019-12-31,SBD,1004.0
2019-12-31,VJW,141.0
2020-01-03,MAA,169.0
2020-01-03,SBD,3.0
2020-01-04,COK,1.0
2020-01-04,MAA,98.0
2020-01-04,SBD,192.0
2020-01-06,BLR,1.0
2020-01-06,COK,4.0
2020-01-06,MAA,47.0
2020-01-06,SBD,14.0
2020-01-07,BLR,2.0
2020-01-07,COK,17.0
2020-01-07,MAA,106.0
2020-01-07,SBD,64.0
2020-01-07,VJW,94.0
2020-01-08,BLR,25.5
2020-01-08,MAA,154.0
2020-01-08,SBD,104.0
2020-01-08,VJW,84.0
2020-01-09,COK,1.0
2020-01-09,MAA,63.0
2020-01-09,SBD,97.0
2020-01-09,VJW,155.0
2020-01-10,BLR,27.0
2020-01-10,COK,33.0
2020-01-10,MAA,125.0
2020-01-10,SBD,153.0
2020-01-10,VJW,1.0
2020-01-11,COK,8.0
2020-01-11,MAA,48.0
2020-01-11,VJW,217.0
2020-01-13,BLR,7.0
2020-01-13,COK,30.0
2020-01-13,MAA,303.5
2020-01-13,SBD,18.0
2020-01-13,VJW,14.0
2020-01-14,BLR,5.0
2020-01-14,COK,22.0
2020-01-14,MAA,187.0
2020-01-15,COK,14.0
2020-01-16,BLR,32.0
2020-01-16,COK,4.0
2020-01-16,SBD,76.0
2020-01-16,VJW,105.0
2020-01-17,BLR,38.0
2020-01-17,COK,45.0
2020-01-17,MAA,154.0
2020-01-17,SBD,53.0
2020-01-17,VJW,31.0
2020-01-18,COK,16.0
2020-01-18,MAA,298.0
2020-01-18,SBD,69.0
2020-01-20,BLR,11.0
2020-01-20,COK,27.0
2020-01-20,MAA,98.0
2020-01-20,SBD,29.0
2020-01-20,VJW,151.0
2020-01-21,BLR,26.0
2020-01-21,COK,65.0
2020-01-21,MAA,153.0
2020-01-21,SBD,884.0
2020-01-21,VJW,57.0
2020-01-22,BLR,56.0
2020-01-22,COK,17.0
2020-01-22,MAA,218.0
2020-01-22,SBD,1106.0
2020-01-22,VJW,74.0
2020-01-23,BLR,27.0
2020-01-23,COK,18.5
2020-01-23,MAA,61.0
2020-01-23,SBD,824.0
2020-01-23,VJW,155.0
2020-01-24,BLR,79.0
2020-01-24,COK,58.5
2020-01-24,MAA,94.0
2020-01-24,SBD,467.0
2020-01-24,VJW,5.0
2020-01-25,BLR,90.0
2020-01-25,COK,56.0
2020-01-25,MAA,195.5
2020-01-25,SBD,666.0
2020-01-25,VJW,469.0
2020-01-26,SBD,465.0
2020-01-27,BLR,55.0
2020-01-27,COK,24.0
2020-01-27,MAA,172.0
2020-01-27,SBD,544.0
2020-01-27,VJW,85.0
2020-01-28,BLR,133.0
2020-01-28,COK,32.0
2020-01-28,MAA,659.0
2020-01-28,SBD,293.0
2020-01-28,VJW,65.0
2020-01-29,BLR,259.5
2020-01-29,COK,217.0
2020-01-29,MAA,262.0
2020-01-29,SBD,187.0
2020-01-29,VJW,271.0
2020-01-30,BLR,301.5
2020-01-30,COK,403.5
2020-01-30,MAA,928.0
2020-01-30,SBD,677.5
2020-01-30,VJW,191.0
2020-01-31,BLR,744.0
2020-01-31,COK,55.0
2020-01-31,MAA,928.0
2020-01-31,SBD,812.0
2020-01-31,VJW,781.0
2020-02-01,MAA,53.0
2020-02-03,COK,2.0
2020-02-03,MAA,45.0
2020-02-03,SBD,47.0
2020-02-03,VJW,208.0
2020-02-04,BLR,6.0
2020-02-04,COK,25.0
2020-02-04,SBD,57.0
2020-02-04,VJW,97.0
2020-02-05,BLR,33.0
2020-02-05,COK,11.0
2020-02-05,MAA,330.0
2020-02-05,SBD,49.0
2020-02-05,VJW,60.0
2020-02-06,BLR,6.0
2020-02-06,COK,14.0
2020-02-06,MAA,39.0
2020-02-06,SBD,254.0
2020-02-06,VJW,161.0
2020-02-07,BLR,12.0
2020-02-07,COK,30.0
2020-02-07,MAA,86.0
2020-02-07,SBD,202.0
2020-02-07,VJW,20.0
2020-02-08,COK,20.0
2020-02-08,MAA,83.0
2020-02-08,SBD,26.0
2020-02-08,VJW,52.0
2020-02-10,BLR,20.0
2020-02-10,COK,10.0
2020-02-10,MAA,435.0
2020-02-10,SBD,75.0
2020-02-11,BLR,75.0
2020-02-11,COK,31.0
2020-02-11,MAA,289.0
2020-02-11,SBD,302.0
2020-02-11,VJW,450.0
2020-02-12,BLR,24.0
2020-02-12,COK,16.0
2020-02-12,MAA,184.0
2020-02-12,SBD,182.0
2020-02-12,VJW,67.0
2020-02-13,BLR,25.0
2020-02-13,COK,15.0
2020-02-13,MAA,234.0
2020-02-13,SBD,355.0
2020-02-13,VJW,11.0
2020-02-14,BLR,26.5
2020-02-14,COK,38.0
2020-02-14,MAA,102.0
2020-02-14,SBD,159.0
2020-02-14,VJW,118.0
2020-02-15,BLR,236.0
2020-02-15,COK,119.0
2020-02-15,MAA,311.0
2020-02-15,SBD,235.0
2020-02-15,VJW,40.0
2020-02-17,BLR,18.0
2020-02-17,COK,95.0
2020-02-17,MAA,727.0
2020-02-17,SBD,330.0
2020-02-17,VJW,290.0
2020-02-18,BLR,43.0
2020-02-18,COK,22.0
2020-02-18,MAA,283.0
2020-02-18,SBD,326.0
2020-02-18,VJW,93.0
2020-02-19,BLR,237.0
2020-02-19,MAA,491.0
2020-02-19,SBD,472.0
2020-02-19,VJW,63.0
2020-02-20,BLR,158.0
2020-02-20,COK,199.0
2020-02-20,MAA,485.5
2020-02-20,SBD,312.5
2020-02-20,VJW,517.0
2020-02-21,BLR,136.0
2020-02-21,COK,201.0
2020-02-21,MAA,813.0
2020-02-21,SBD,348.0
2020-02-21,VJW,30.0
2020-02-22,BLR,210.0
2020-02-22,COK,318.0
2020-02-22,MAA,488.0
2020-02-22,SBD,76.0
2020-02-22,VJW,269.0
2020-02-24,BLR,222.0
2020-02-24,COK,136.0
2020-02-24,MAA,1323.0
2020-02-24,SBD,270.0
2020-02-24,VJW,353.0
2020-02-25,BLR,298.0
2020-02-25,COK,45.0
2020-02-25,MAA,1538.0
2020-02-25,SBD,430.0
2020-02-25,VJW,161.0
2020-02-26,BLR,1031.0
2020-02-26,COK,355.0
2020-02-26,MAA,2052.0
2020-02-26,SBD,3404.0
2020-02-26,VJW,1083.0
2020-02-27,BLR,561.0
2020-02-27,COK,903.5
2020-02-27,MAA,1742.0
2020-02-27,SBD,2839.0
2020-02-27,VJW,2320.0
2020-02-28,COK,290.0
2020-02-28,MAA,20.0
2020-02-28,SBD,2490.0
2020-02-28,VJW,397.0
2020-02-29,BLR,131.0
2020-02-29,COK,158.0
2020-02-29,MAA,703.5
2020-02-29,SBD,943.0
2020-03-02,COK,2.0
2020-03-02,MAA,22.0
2020-03-02,SBD,2.5
2020-03-02,VJW,211.5
2020-03-03,BLR,5.0
2020-03-03,COK,10.0
2020-03-03,MAA,1018.0
2020-03-03,SBD,9.0
2020-03-04,MAA,425.5
2020-03-04,SBD,369.0
2020-03-04,VJW,350.5
2020-03-05,BLR,71.0
2020-03-05,COK,42.0
2020-03-05,MAA,192.0
2020-03-05,SBD,26.0
2020-03-06,BLR,21.0
2020-03-06,COK,58.0
2020-03-06,MAA,682.0
2020-03-06,SBD,92.0
2020-03-06,VJW,45.0
2020-03-07,COK,14.0
2020-03-07,MAA,227.0
2020-03-07,SBD,121.0
2020-03-09,BLR,5.0
2020-03-09,COK,30.0
2020-03-09,MAA,45.0
2020-03-09,SBD,49.0
2020-03-09,VJW,11.0
2020-03-10,BLR,4.0
2020-03-10,COK,50.0
2020-03-10,MAA,109.5
2020-03-10,SBD,141.0
2020-03-10,VJW,125.0
2020-03-11,BLR,9.0
2020-03-11,COK,122.0
2020-03-11,MAA,335.0
2020-03-11,SBD,130.0
2020-03-11,VJW,69.0
2020-03-12,BLR,139.0
2020-03-12,COK,154.0
2020-03-12,MAA,776.0
2020-03-12,SBD,175.0
2020-03-12,VJW,119.0
2020-03-13,BLR,8.0
2020-03-13,COK,29.5
2020-03-13,MAA,102.0
2020-03-13,SBD,17.0
2020-03-13,VJW,3.0
2020-03-14,BLR,1.0
2020-03-14,COK,297.0
2020-03-14,MAA,186.0
2020-03-14,SBD,136.0
2020-03-14,VJW,19.0
2020-03-16,BLR,115.0
2020-03-16,COK,130.0
2020-03-16,MAA,52.0
2020-03-16,SBD,331.0
2020-03-16,VJW,200.0
2020-03-17,BLR,96.0
2020-03-17,COK,102.5
2020-03-17,MAA,267.0
2020-03-17,SBD,183.0
2020-03-17,VJW,1.0
2020-03-18,BLR,106.0
2020-03-18,COK,92.0
2020-03-18,MAA,163.0
2020-03-18,SBD,53.0
2020-03-18,VJW,373.0
2020-03-19,BLR,169.0
2020-03-19,COK,101.0
2020-03-19,MAA,298.5
2020-03-19,SBD,381.0
2020-03-19,VJW,22.0
2020-03-20,BLR,33.0
2020-03-20,COK,132.0
2020-03-20,MAA,149.5
2020-03-20,SBD,1263.0
2020-03-20,VJW,109.0
2020-03-21,BLR,74.5
2020-03-21,COK,57.0
2020-03-21,MAA,157.5
2020-03-21,SBD,559.0
2020-03-21,VJW,45.0
2020-03-23,COK,62.0
2020-04-01,BLR,5.369168390295151
2020-04-01,COK,3.6799316288699506
2020-04-01,MAA,8.80030178338308
2020-04-01,SBD,12.923355076574023
2020-04-01,VJW,8.793936595875655
2020-04-02,BLR,5.369168390295151
2020-04-02,COK,3.6799316288699506
2020-04-02,MAA,8.80030178338308
2020-04-02,SBD,12.923355076574023
2020-04-02,VJW,8.793936595875655
2020-04-03,BLR,5.369168390295151
2020-04-03,COK,3.6799316288699506
2020-04-03,MAA,8.80030178338308
2020-04-03,SBD,12.923355076574023
2020-04-03,VJW,8.793936595875655
2020-04-04,BLR,5.369168390295151
2020-04-04,COK,3.6799316288699506
2020-04-04,MAA,8.80030178338308
2020-04-04,SBD,12.923355076574023
2020-04-04,VJW,8.793936595875655
2020-04-05,BLR,5.369168390295151
2020-04-05,COK,3.6799316288699506
2020-04-05,MAA,8.80030178338308
2020-04-05,SBD,12.923355076574023
2020-04-05,VJW,8.793936595875655
2020-04-06,BLR,5.369168390295151
2020-04-06,COK,3.6799316288699506
2020-04-06,MAA,8.80030178338308
2020-04-06,SBD,12.923355076574023
2020-04-06,VJW,8.793936595875655
2020-04-07,BLR,5.369168390295151
2020-04-07,COK,3.6799316288699506
2020-04-07,MAA,8.80030178338308
2020-04-07,SBD,12.923355076574023
2020-04-07,VJW,8.793936595875655
2020-04-08,BLR,5.369168390295151
2020-04-08,COK,3.6799316288699506
2020-04-08,MAA,8.80030178338308
2020-04-08,SBD,12.923355076574023
2020-04-08,VJW,8.793936595875655
2020-04-09,BLR,5.369168390295151
2020-04-09,COK,3.6799316288699506
2020-04-09,MAA,8.80030178338308
2020-04-09,SBD,12.923355076574023
2020-04-09,VJW,8.793936595875655
2020-04-10,BLR,5.369168390295151
2020-04-10,COK,3.6799316288699506
2020-04-10,MAA,8.80030178338308
2020-04-10,SBD,12.923355076574023
2020-04-10,VJW,8.793936595875655
2020-04-11,BLR,5.369168390295151
2020-04-11,COK,3.6799316288699506
2020-04-11,MAA,8.80030178338308
2020-04-11,SBD,12.923355076574023
2020-04-11,VJW,8.793936595875655
2020-04-12,BLR,5.369168390295151
2020-04-12,COK,3.6799316288699506
2020-04-12,MAA,8.80030178338308
2020-04-12,SBD,12.923355076574023
2020-04-12,VJW,8.793936595875655
2020-04-13,BLR,5.369168390295151
2020-04-13,COK,3.6799316288699506
2020-04-13,MAA,8.80030178338308
2020-04-13,SBD,12.923355076574023
2020-04-13,VJW,8.793936595875655
2020-04-14,BLR,5.369168390295151
2020-04-14,COK,3.6799316288699506
2020-04-14,MAA,8.80030178338308
2020-04-14,SBD,12.923355076574023
2020-04-14,VJW,8.793936595875655
2020-04-15,BLR,5.369168390295151
2020-04-15,COK,3.6799316288699506
2020-04-15,MAA,8.80030178338308
2020-04-15,SBD,12.923355076574023
2020-04-15,VJW,8.793936595875655
2020-04-16,BLR,5.369168390295151
2020-04-16,COK,3.6799316288699506
2020-04-16,MAA,8.80030178338308
2020-04-16,SBD,12.923355076574023
2020-04-16,VJW,8.793936595875655
2020-04-17,BLR,5.369168390295151
2020-04-17,COK,3.6799316288699506
2020-04-17,MAA,8.80030178338308
2020-04-17,SBD,12.923355076574023
2020-04-17,VJW,8.793936595875655
2020-04-18,BLR,5.369168390295151
2020-04-18,COK,3.6799316288699506
2020-04-18,MAA,8.80030178338308
2020-04-18,SBD,12.923355076574023
2020-04-18,VJW,8.793936595875655
2020-04-19,BLR,5.369168390295151
2020-04-19,COK,3.6799316288699506
2020-04-19,MAA,8.80030178338308
2020-04-19,SBD,12.923355076574023
2020-04-19,VJW,8.793936595875655
2020-04-20,BLR,5.369168390295151
2020-04-20,COK,3.6799316288699506
2020-04-20,MAA,8.80030178338308
2020-04-20,SBD,12.923355076574023
2020-04-20,VJW,8.793936595875655
2020-04-21,BLR,5.369168390295151
2020-04-21,COK,3.6799316288699506
2020-04-21,MAA,8.80030178338308
2020-04-21,SBD,12.923355076574023
2020-04-21,VJW,8.793936595875655
2020-04-22,BLR,5.369168390295151
2020-04-22,COK,3.6799316288699506
2020-04-22,MAA,8.80030178338308
2020-04-22,SBD,12.923355076574023
2020-04-22,VJW,8.793936595875655
2020-04-23,BLR,5.369168390295151
2020-04-23,COK,3.6799316288699506
2020-04-23,MAA,8.80030178338308
2020-04-23,SBD,12.923355076574023
2020-04-23,VJW,8.793936595875655
2020-04-24,BLR,5.369168390295151
2020-04-24,COK,3.6799316288699506
2020-04-24,MAA,8.80030178338308
2020-04-24,SBD,12.923355076574023
2020-04-24,VJW,8.793936595875655
2020-04-25,BLR,5.369168390295151
2020-04-25,COK,3.6799316288699506
2020-04-25,MAA,8.80030178338308
2020-04-25,SBD,12.923355076574023
2020-04-25,VJW,8.793936595875655
2020-04-26,BLR,5.369168390295151
2020-04-26,COK,3.6799316288699506
2020-04-26,MAA,8.80030178338308
2020-04-26,SBD,12.923355076574023
2020-04-26,VJW,8.793936595875655
2020-04-27,BLR,5.369168390295151
2020-04-27,COK,3.6799316288699506
2020-04-27,MAA,8.80030178338308
2020-04-27,SBD,12.923355076574023
2020-04-27,VJW,8.793936595875655
2020-04-28,BLR,5.369168390295151
2020-04-28,COK,3.6799316288699506
2020-04-28,MAA,8.80030178338308
2020-04-28,SBD,12.923355076574023
2020-04-28,VJW,8.793936595875655
2020-04-29,BLR,5.369168390295151
2020-04-29,COK,3.6799316288699506
2020-04-29,MAA,8.80030178338308
2020-04-29,SBD,12.923355076574023
2020-04-29,VJW,8.793936595875655
2020-04-30,BLR,5.369168390295151
2020-04-30,COK,3.6799316288699506
2020-04-30,MAA,8.80030178338308
2020-04-30,SBD,12.923355076574023
2020-04-30,VJW,8.793936595875655
2020-05-02,COK,71.0
2020-05-04,COK,17.0
2020-05-05,COK,36.0
2020-05-06,COK,75.0
2020-05-07,COK,20.0
2020-05-08,BLR,83.0
2020-05-09,COK,4.0
2020-05-11,BLR,23.0
2020-05-11,COK,4.0
2020-05-12,BLR,40.0
2020-05-12,COK,74.0
2020-05-12,MAA,508.0
2020-05-13,BLR,11.0
2020-05-13,COK,11.0
2020-05-13,MAA,561.0
2020-05-13,SBD,15.0
2020-05-14,BLR,12.0
2020-05-14,COK,13.0
2020-05-14,MAA,563.0
2020-05-14,SBD,41.0
2020-05-15,BLR,12.0
2020-05-15,COK,18.0
2020-05-15,MAA,274.0
2020-05-15,SBD,18.0
2020-05-15,VJW,158.0
2020-05-16,BLR,32.0
2020-05-16,COK,12.0
2020-05-16,MAA,431.0
2020-05-16,SBD,41.0
2020-05-16,VJW,27.0
2020-05-18,BLR,28.0
2020-05-18,COK,10.0
2020-05-18,MAA,252.0
2020-05-18,SBD,33.0
2020-05-18,VJW,141.0
2020-05-19,BLR,70.0
2020-05-19,COK,6.0
2020-05-19,MAA,207.0
2020-05-19,SBD,82.0
2020-05-19,VJW,187.0
2020-05-20,BLR,11.0
2020-05-20,COK,26.0
2020-05-20,MAA,283.0
2020-05-20,SBD,13.0
2020-05-20,VJW,15.0
2020-05-21,BLR,14.0
2020-05-21,COK,7.0
2020-05-21,MAA,647.0
2020-05-21,SBD,185.0
2020-05-21,VJW,50.0
2020-05-22,COK,34.0
2020-05-22,MAA,496.0
2020-05-22,SBD,69.0
2020-05-22,VJW,50.0
2020-05-23,BLR,12.0
2020-05-23,MAA,433.0
2020-05-23,SBD,184.0
2020-05-23,VJW,188.0
2020-05-24,MAA,146.0
2020-05-24,SBD,36.0
2020-05-24,VJW,592.0
2020-05-25,BLR,4.0
2020-05-25,COK,13.0
2020-05-25,MAA,457.0
2020-05-25,SBD,163.0
2020-05-25,VJW,168.0
2020-05-26,BLR,39.0
2020-05-26,COK,36.0
2020-05-26,MAA,415.0
2020-05-26,SBD,90.0
2020-05-26,VJW,196.0
2020-05-27,BLR,146.0
2020-05-27,COK,62.0
2020-05-27,MAA,1023.0
2020-05-27,SBD,315.0
2020-05-27,VJW,120.0
2020-05-28,BLR,167.0
2020-05-28,COK,39.0
2020-05-28,MAA,845.0
2020-05-28,SBD,194.0
2020-05-28,VJW,161.0
2020-05-29,BLR,61.0
2020-05-29,COK,68.0
2020-05-29,MAA,1066.0
2020-05-29,SBD,322.0
2020-05-29,VJW,312.0
2020-05-30,BLR,208.5
2020-05-30,COK,53.0
2020-05-30,MAA,474.0
2020-05-30,SBD,414.0
2020-05-30,VJW,254.0
2020-05-31,BLR,38.0
2020-05-31,MAA,670.0
2020-05-31,SBD,219.0
2020-05-31,VJW,135.0
2020-06-01,BLR,50.0
2020-06-01,SBD,66.0
2020-06-01,VJW,125.0
2020-06-02,COK,2.0
2020-06-02,MAA,334.0
2020-06-02,SBD,79.0
2020-06-02,VJW,83.0
2020-06-03,COK,19.0
2020-06-03,MAA,259.0
2020-06-03,SBD,47.0
2020-06-03,VJW,30.0
2020-06-04,COK,49.0
2020-06-04,MAA,308.5
2020-06-04,SBD,48.0
2020-06-04,VJW,86.0
2020-06-05,BLR,1.0
2020-06-05,COK,39.0
2020-06-05,MAA,240.0
2020-06-05,SBD,10.0
2020-06-05,VJW,45.0
2020-06-06,BLR,1.0
2020-06-06,COK,1.0
2020-06-06,MAA,627.0
2020-06-06,SBD,45.0
2020-06-06,VJW,50.0
2020-06-08,BLR,10.0
2020-06-08,COK,18.0
2020-06-08,MAA,517.0
2020-06-08,SBD,25.0
2020-06-08,VJW,148.0
2020-06-09,BLR,7.0
2020-06-09,COK,18.0
2020-06-09,MAA,396.0
2020-06-09,SBD,12.0
2020-06-09,VJW,40.0
2020-06-10,BLR,13.0
2020-06-10,COK,1.5
2020-06-10,MAA,346.0
2020-06-10,SBD,27.0
2020-06-10,VJW,105.0
2020-06-11,BLR,6.0
2020-06-11,COK,3.0
2020-06-11,MAA,550.0
2020-06-11,SBD,161.0
2020-06-11,VJW,146.0
2020-06-12,BLR,22.0
2020-06-12,COK,54.0
2020-06-12,MAA,472.0
2020-06-12,SBD,12.0
2020-06-12,VJW,32.0
2020-06-13,BLR,6.0
2020-06-13,COK,13.0
2020-06-13,MAA,106.0
2020-06-13,SBD,68.0
2020-06-15,BLR,1.0
2020-06-15,COK,2.0
2020-06-15,MAA,211.0
2020-06-15,SBD,15.0
2020-06-15,VJW,19.0
2020-06-16,COK,39.0
2020-06-16,MAA,190.0
2020-06-16,SBD,32.0
2020-06-16,VJW,37.0
2020-06-17,BLR,15.0
2020-06-17,COK,60.0
2020-06-17,MAA,153.0
2020-06-17,SBD,58.5
2020-06-17,VJW,165.0
2020-06-18,BLR,36.0
2020-06-18,COK,23.0
2020-06-18,MAA,217.0
2020-06-18,SBD,11.0
2020-06-18,VJW,59.0
2020-06-19,BLR,94.0
2020-06-19,COK,11.0
2020-06-19,SBD,38.0
2020-06-19,VJW,29.5
2020-06-20,BLR,28.0
2020-06-20,COK,7.0
2020-06-20,MAA,94.0
2020-06-20,SBD,12.0
2020-06-20,VJW,3.5
2020-06-22,BLR,8.0
2020-06-22,COK,68.0
2020-06-22,SBD,12.5
2020-06-23,COK,3.0
2020-06-23,MAA,68.0
2020-06-23,SBD,20.5
2020-06-23,VJW,29.0
2020-06-24,BLR,20.0
2020-06-24,COK,44.0
2020-06-24,MAA,50.0
2020-06-24,SBD,110.0
2020-06-24,VJW,10.0
2020-06-25,BLR,30.0
2020-06-25,COK,52.0
2020-06-25,MAA,363.0
2020-06-25,SBD,12.0
2020-06-25,VJW,247.0
2020-06-26,BLR,12.0
2020-06-26,COK,24.5
2020-06-26,SBD,124.0
2020-06-26,VJW,117.0
2020-06-27,BLR,36.0
2020-06-27,COK,9.0
2020-06-27,MAA,4.0
2020-06-27,SBD,13.0
2020-06-27,VJW,26.0
2020-06-29,BLR,45.0
2020-06-29,COK,10.0
2020-06-29,MAA,37.0
2020-06-29,SBD,22.5
2020-06-29,VJW,90.5
2020-06-30,BLR,323.5
2020-06-30,COK,145.0
2020-06-30,MAA,167.0
2020-06-30,SBD,405.0
2020-06-30,VJW,292.0
2020-07-01,MAA,13.0
2020-07-02,BLR,20.0
2020-07-02,COK,3.0
2020-07-03,BLR,6.0
2020-07-03,COK,4.5
2020-07-03,SBD,28.0
2020-07-03,VJW,62.0
2020-07-04,BLR,13.0
2020-07-04,COK,2.0
2020-07-04,MAA,4.0
2020-07-04,SBD,2.0
2020-07-06,BLR,16.0
2020-07-06,COK,13.5
2020-07-06,MAA,1.0
2020-07-06,SBD,28.0
2020-07-07,BLR,12.0
2020-07-07,COK,12.0
2020-07-07,MAA,98.0
2020-07-07,SBD,37.0
2020-07-07,VJW,36.0
2020-07-08,BLR,11.0
2020-07-08,COK,1.0
2020-07-08,MAA,47.0
2020-07-08,SBD,79.0
2020-07-08,VJW,10.0
2020-07-09,BLR,11.0
2020-07-09,COK,7.0
2020-07-09,MAA,131.0
2020-07-09,SBD,34.0
2020-07-09,VJW,138.0
2020-07-10,BLR,20.0
2020-07-10,COK,2.0
2020-07-10,MAA,97.0
2020-07-10,SBD,15.0
2020-07-10,VJW,114.0
2020-07-11,BLR,2.0
2020-07-11,COK,2.0
2020-07-11,MAA,104.0
2020-07-11,SBD,10.0
2020-07-11,VJW,37.0
2020-07-13,COK,3.0
2020-07-13,MAA,68.0
2020-07-13,SBD,40.0
2020-07-13,VJW,53.0
2020-07-14,BLR,15.0
2020-07-14,COK,5.0
2020-07-14,MAA,78.0
2020-07-14,SBD,5.0
2020-07-14,VJW,30.0
2020-07-15,COK,8.0
2020-07-15,MAA,40.0
2020-07-15,SBD,45.0
2020-07-15,VJW,2.0
2020-07-16,COK,18.0
2020-07-16,MAA,46.0
2020-07-17,COK,4.0
2020-07-17,MAA,132.0
2020-07-17,SBD,89.0
2020-07-17,VJW,9.0
2020-07-18,COK,10.0
2020-07-18,MAA,49.0
2020-07-18,SBD,25.0
2020-07-18,VJW,16.0
2020-07-20,COK,3.0
2020-07-20,MAA,121.0
2020-07-20,SBD,15.0
2020-07-21,BLR,5.0
2020-07-21,MAA,90.0
2020-07-21,SBD,11.0
2020-07-21,VJW,25.0
2020-07-22,BLR,4.0
2020-07-22,COK,22.0
2020-07-22,MAA,137.0
2020-07-22,SBD,27.0
2020-07-23,BLR,3.0
2020-07-23,COK,11.0
2020-07-23,MAA,45.0
2020-07-23,SBD,18.0
2020-07-23,VJW,42.0
2020-07-24,BLR,12.0
2020-07-24,COK,3.0
2020-07-24,MAA,97.0
2020-07-24,SBD,10.0
2020-07-24,VJW,85.0
2020-07-25,BLR,23.0
2020-07-25,COK,1.5
2020-07-25,MAA,171.0
2020-07-25,SBD,69.0
2020-07-25,VJW,201.0
2020-07-27,BLR,40.0
2020-07-27,COK,23.0
2020-07-27,MAA,873.5
2020-07-27,VJW,109.0
2020-07-28,BLR,42.0
2020-07-28,COK,10.0
2020-07-28,MAA,104.0
2020-07-28,SBD,53.0
2020-07-28,VJW,84.0
2020-07-29,BLR,109.0
2020-07-29,COK,40.0
2020-07-29,MAA,192.5
2020-07-29,SBD,238.0
2020-07-29,VJW,60.0
2020-07-30,BLR,93.0
2020-07-30,COK,49.5
2020-07-30,MAA,736.0
2020-07-30,SBD,109.0
2020-07-30,VJW,111.0
2020-07-31,BLR,201.0
2020-07-31,COK,256.5
2020-07-31,MAA,571.0
2020-07-31,SBD,527.0
2020-07-31,VJW,238.0
2020-08-03,MAA,5.0
2020-08-04,BLR,3.0
2020-08-04,COK,5.0
2020-08-04,MAA,76.0
2020-08-04,SBD,15.0
2020-08-05,MAA,123.0
2020-08-05,SBD,69.0
2020-08-06,COK,4.0
2020-08-06,MAA,9.0
2020-08-06,SBD,12.0
2020-08-06,VJW,20.0
2020-08-07,COK,8.0
2020-08-07,MAA,12.0
2020-08-07,SBD,33.0
2020-08-07,VJW,24.0
2020-08-08,BLR,2.0
2020-08-08,COK,1.0
2020-08-08,MAA,3.0
2020-08-08,SBD,2.0
2020-08-08,VJW,11.0
2020-08-10,COK,12.0
2020-08-10,MAA,54.0
2020-08-10,SBD,58.0
2020-08-10,VJW,58.0
2020-08-11,MAA,35.0
2020-08-11,SBD,34.0
2020-08-11,VJW,113.0
2020-08-12,BLR,5.0
2020-08-12,COK,8.0
2020-08-12,MAA,8.5
2020-08-12,SBD,42.0
2020-08-13,BLR,52.0
2020-08-13,MAA,17.0
2020-08-13,SBD,21.0
2020-08-13,VJW,5.0
2020-08-14,BLR,26.0
2020-08-14,COK,33.0
2020-08-14,MAA,19.0
2020-08-14,SBD,3.0
2020-08-17,BLR,1.0
2020-08-17,COK,8.0
2020-08-17,MAA,113.0
2020-08-17,SBD,3.0
2020-08-18,BLR,35.0
2020-08-18,COK,3.0
2020-08-18,MAA,55.0
2020-08-18,SBD,17.0
2020-08-19,BLR,14.0
2020-08-19,COK,8.5
2020-08-19,MAA,155.5
2020-08-19,SBD,34.0
2020-08-19,VJW,34.0
2020-08-20,BLR,15.0
2020-08-20,COK,18.0
2020-08-20,MAA,66.0
2020-08-20,SBD,45.0
2020-08-20,VJW,34.0
2020-08-21,BLR,13.0
2020-08-21,COK,48.0
2020-08-21,MAA,136.0
2020-08-21,SBD,21.0
2020-08-21,VJW,5.0
2020-08-24,BLR,17.0
2020-08-24,COK,20.0
2020-08-24,MAA,40.0
2020-08-24,SBD,4.0
2020-08-24,VJW,3.0
2020-08-25,BLR,106.0
2020-08-25,COK,19.0
2020-08-25,MAA,243.0
2020-08-25,SBD,3.0
2020-08-25,VJW,111.0
2020-08-26,BLR,4.0
2020-08-26,COK,15.0
2020-08-26,MAA,152.0
2020-08-26,SBD,56.0
2020-08-26,VJW,318.0
2020-08-27,BLR,32.0
2020-08-27,COK,60.5
2020-08-27,MAA,308.0
2020-08-27,SBD,414.0
2020-08-27,VJW,15.0
2020-08-28,BLR,81.0
2020-08-28,COK,32.5
2020-08-28,MAA,941.0
2020-08-28,SBD,61.5
2020-08-28,VJW,112.0
2020-08-29,BLR,208.0
2020-08-29,COK,116.0
2020-08-29,MAA,750.0
2020-08-29,SBD,72.0
2020-08-29,VJW,189.0
2020-08-30,BLR,47.0
2020-08-30,COK,202.0
2020-08-30,MAA,26.0
2020-08-30,SBD,34.0
2020-08-30,VJW,269.0
2020-08-31,BLR,191.0
2020-08-31,COK,344.0
2020-08-31,MAA,687.0
2020-08-31,SBD,253.5
2020-08-31,VJW,303.0
2020-09-02,MAA,6.0
2020-09-02,SBD,14.0
2020-09-02,VJW,146.0
2020-09-03,BLR,6.0
2020-09-03,COK,3.0
2020-09-03,MAA,21.0
2020-09-03,SBD,3.0
2020-09-03,VJW,13.0
2020-09-04,BLR,3.0
2020-09-04,COK,14.0
2020-09-04,MAA,30.0
2020-09-04,SBD,7.0
2020-09-04,VJW,5.0
2020-09-05,COK,8.0
2020-09-05,MAA,68.0
2020-09-05,SBD,26.0
2020-09-07,BLR,17.0
2020-09-07,COK,19.0
2020-09-07,MAA,100.5
2020-09-07,SBD,6.0
2020-09-07,VJW,4.0
2020-09-08,BLR,30.0
2020-09-08,COK,22.0
2020-09-08,MAA,79.0
2020-09-08,SBD,17.0
2020-09-08,VJW,56.0
2020-09-09,BLR,25.0
2020-09-09,COK,16.5
2020-09-09,MAA,46.0
2020-09-09,SBD,30.0
2020-09-09,VJW,15.0
2020-09-10,BLR,106.0
2020-09-10,COK,19.0
2020-09-10,MAA,104.0
2020-09-10,SBD,56.0
2020-09-10,VJW,95.0
2020-09-11,BLR,7.0
2020-09-11,COK,40.0
2020-09-11,MAA,287.0
2020-09-11,SBD,46.0
2020-09-11,VJW,104.0
2020-09-12,BLR,4.0
2020-09-12,COK,53.0
2020-09-12,MAA,208.0
2020-09-12,SBD,190.0
2020-09-12,VJW,8.0
2020-09-14,BLR,6.0
2020-09-14,COK,72.0
2020-09-14,MAA,218.0
2020-09-14,SBD,100.0
2020-09-14,VJW,7.0
2020-09-15,BLR,17.0
2020-09-15,COK,47.0
2020-09-15,MAA,243.0
2020-09-15,SBD,109.0
2020-09-15,VJW,31.0
2020-09-16,BLR,46.0
2020-09-16,COK,1.0
2020-09-16,MAA,106.0
2020-09-16,SBD,97.0
2020-09-16,VJW,4.0
2020-09-17,BLR,78.0
2020-09-17,COK,87.0
2020-09-17,MAA,139.0
2020-09-17,SBD,108.0
2020-09-17,VJW,50.0
2020-09-18,BLR,33.0
2020-09-18,COK,45.5
2020-09-18,MAA,249.0
2020-09-18,SBD,148.0
2020-09-18,VJW,219.0
2020-09-19,BLR,56.0
2020-09-19,COK,24.0
2020-09-19,MAA,128.0
2020-09-19,SBD,28.0
2020-09-19,VJW,24.0
2020-09-21,BLR,61.0
2020-09-21,COK,42.5
2020-09-21,MAA,349.0
2020-09-21,SBD,311.0
2020-09-21,VJW,194.0
2020-09-22,BLR,81.0
2020-09-22,COK,2.0
2020-09-22,MAA,106.0
2020-09-22,SBD,3.0
2020-09-22,VJW,56.0
2020-09-23,BLR,10.0
2020-09-23,COK,10.0
2020-09-23,MAA,252.0
2020-09-23,SBD,58.0
2020-09-23,VJW,132.0
2020-09-24,BLR,17.0
2020-09-24,COK,24.0
2020-09-24,MAA,280.0
2020-09-24,SBD,54.0
2020-09-24,VJW,93.0
2020-09-25,BLR,114.0
2020-09-25,COK,5.0
2020-09-25,MAA,655.0
2020-09-25,SBD,220.0
2020-09-25,VJW,255.0
2020-09-26,BLR,65.0
2020-09-26,COK,81.0
2020-09-26,MAA,322.0
2020-09-26,SBD,39.0
2020-09-26,VJW,38.0
2020-09-27,VJW,9.0
2020-09-28,BLR,291.5
2020-09-28,COK,172.0
2020-09-28,MAA,694.0
2020-09-28,SBD,71.0
2020-09-28,VJW,360.0
2020-09-29,BLR,314.0
2020-09-29,COK,205.0
2020-09-29,MAA,455.0
2020-09-29,SBD,573.0
2020-09-29,VJW,517.0
2020-09-30,BLR,221.0
2020-09-30,COK,152.0
2020-09-30,MAA,937.0
2020-09-30,SBD,206.0
2020-09-30,VJW,88.0
2020-10-03,MAA,1.0
2020-10-05,MAA,1.0
2020-10-05,VJW,2.0
2020-10-06,BLR,4.0
2020-10-06,MAA,28.0
2020-10-06,SBD,10.0
2020-10-06,VJW,2.0
2020-10-07,BLR,3.0
2020-10-07,COK,28.0
2020-10-07,MAA,214.0
2020-10-07,SBD,31.0
2020-10-07,VJW,249.0
2020-10-08,BLR,5.0
2020-10-08,COK,14.0
2020-10-08,MAA,50.0
2020-10-08,SBD,4.0
2020-10-08,VJW,45.0
2020-10-09,BLR,7.0
2020-10-09,COK,14.0
2020-10-09,MAA,221.0
2020-10-09,SBD,12.0
2020-10-09,VJW,4.0
2020-10-10,BLR,125.0
2020-10-10,COK,5.0
2020-10-10,MAA,41.0
2020-10-10,SBD,14.0
2020-10-10,VJW,129.0
2020-10-12,BLR,5.0
2020-10-12,COK,11.0
2020-10-12,MAA,28.0
2020-10-12,SBD,220.0
2020-10-12,VJW,61.0
2020-10-13,BLR,8.0
2020-10-13,COK,34.0
2020-10-13,MAA,49.0
2020-10-13,SBD,14.0
2020-10-13,VJW,31.0
2020-10-14,BLR,6.0
2020-10-14,COK,15.0
2020-10-14,MAA,19.0
2020-10-14,VJW,36.0
2020-10-15,BLR,7.0
2020-10-15,COK,20.0
2020-10-15,MAA,52.0
2020-10-15,SBD,20.0
2020-10-15,VJW,5.0
2020-10-16,BLR,113.0
2020-10-16,COK,8.0
2020-10-16,MAA,187.0
2020-10-16,SBD,47.0
2020-10-16,VJW,7.0
2020-10-17,COK,49.0
2020-10-17,MAA,33.0
2020-10-17,SBD,18.0
2020-10-17,VJW,3.0
2020-10-19,BLR,7.0
2020-10-19,COK,1.0
2020-10-19,MAA,75.0
2020-10-19,SBD,178.0
2020-10-19,VJW,47.0
2020-10-20,BLR,52.0
2020-10-20,COK,21.0
2020-10-20,MAA,184.0
2020-10-20,SBD,26.0
2020-10-20,VJW,9.0
2020-10-21,BLR,37.0
2020-10-21,COK,66.0
2020-10-21,MAA,199.0
2020-10-21,SBD,168.0
2020-10-21,VJW,75.0
2020-10-22,BLR,42.5
2020-10-22,COK,58.0
2020-10-22,MAA,53.0
2020-10-22,SBD,117.0
2020-10-22,VJW,136.0
2020-10-23,BLR,46.0
2020-10-23,COK,35.0
2020-10-23,MAA,151.0
2020-10-23,SBD,49.0
2020-10-23,VJW,169.0
2020-10-24,BLR,31.0
2020-10-24,COK,48.0
2020-10-24,MAA,95.0
2020-10-26,COK,53.0
2020-10-26,SBD,119.0
2020-10-26,VJW,129.0
2020-10-27,BLR,30.0
2020-10-27,COK,99.0
2020-10-27,MAA,208.0
2020-10-27,SBD,75.0
2020-10-27,VJW,48.0
2020-10-28,BLR,183.0
2020-10-28,COK,45.0
2020-10-28,MAA,643.0
2020-10-28,SBD,106.0
2020-10-28,VJW,300.0
2020-10-29,BLR,271.0
2020-10-29,COK,159.0
2020-10-29,MAA,533.0
2020-10-29,SBD,525.0
2020-10-29,VJW,253.0
2020-10-30,BLR,184.5
2020-10-30,COK,34.0
2020-10-30,MAA,1076.5
2020-10-30,SBD,464.0
2020-10-30,VJW,275.0
2020-10-31,BLR,73.0
2020-10-31,COK,0.5
2020-10-31,MAA,364.0
2020-10-31,SBD,76.0
2020-10-31,VJW,88.0
2020-11-02,COK,11.0
2020-11-03,BLR,11.0
2020-11-03,COK,24.0
2020-11-04,BLR,27.0
2020-11-04,COK,44.0
2020-11-04,MAA,98.0
2020-11-04,SBD,52.0
2020-11-04,VJW,46.0
2020-11-05,BLR,15.0
2020-11-05,COK,42.0
2020-11-05,MAA,98.0
2020-11-05,SBD,25.0
2020-11-06,BLR,15.0
2020-11-06,COK,17.0
2020-11-06,MAA,24.0
2020-11-06,SBD,13.0
2020-11-06,VJW,2.0
2020-11-07,COK,17.0
2020-11-07,MAA,62.5
2020-11-07,SBD,5.0
2020-11-07,VJW,39.0
2020-11-09,BLR,6.0
2020-11-09,COK,34.5
2020-11-09,MAA,101.5
2020-11-09,SBD,3.0
2020-11-09,VJW,36.0
2020-11-10,BLR,41.0
2020-11-10,COK,45.0
2020-11-10,MAA,17.0
2020-11-10,SBD,287.0
2020-11-10,VJW,42.0
2020-11-11,BLR,73.5
2020-11-11,COK,121.0
2020-11-11,MAA,325.0
2020-11-11,SBD,43.0
2020-11-11,VJW,25.0
2020-11-12,BLR,55.0
2020-11-12,COK,62.0
2020-11-12,MAA,83.0
2020-11-12,SBD,141.0
2020-11-12,VJW,36.0
2020-11-13,BLR,11.0
2020-11-13,COK,38.0
2020-11-13,SBD,156.0
2020-11-13,VJW,23.0
2020-11-16,COK,153.0
2020-11-16,MAA,3.0
2020-11-17,BLR,61.5
2020-11-17,COK,65.0
2020-11-17,MAA,102.0
2020-11-17,SBD,30.5
2020-11-17,VJW,127.0
2020-11-18,BLR,60.0
2020-11-18,COK,40.0
2020-11-18,MAA,206.0
2020-11-18,SBD,95.0
2020-11-18,VJW,200.0
2020-11-19,BLR,55.5
2020-11-19,COK,39.0
2020-11-19,MAA,61.0
2020-11-19,SBD,70.5
2020-11-19,VJW,47.0
2020-11-20,BLR,31.5
2020-11-20,COK,36.0
2020-11-20,MAA,70.5
2020-11-20,SBD,220.0
2020-11-20,VJW,34.0
2020-11-21,BLR,73.0
2020-11-21,COK,41.0
2020-11-21,MAA,74.0
2020-11-21,SBD,14.0
2020-11-21,VJW,65.0
2020-11-23,BLR,17.0
2020-11-23,COK,82.0
2020-11-23,MAA,94.0
2020-11-23,SBD,51.0
2020-11-23,VJW,63.0
2020-11-24,BLR,42.0
2020-11-24,COK,36.0
2020-11-24,MAA,64.0
2020-11-24,SBD,132.5
2020-11-24,VJW,26.0
2020-11-25,BLR,66.0
2020-11-25,COK,123.0
2020-11-25,SBD,171.0
2020-11-25,VJW,33.0
2020-11-26,BLR,210.0
2020-11-26,SBD,357.0
2020-11-26,VJW,315.0
2020-11-27,BLR,136.0
2020-11-27,COK,144.0
2020-11-27,MAA,174.0
2020-11-27,SBD,245.5
2020-11-27,VJW,159.0
2020-11-28,BLR,201.0
2020-11-28,COK,51.0
2020-11-28,MAA,632.0
2020-11-28,SBD,283.5
2020-11-28,VJW,366.0
2020-11-29,COK,75.0
2020-11-29,MAA,1016.0
2020-11-29,SBD,158.0
2020-11-29,VJW,120.0
2020-11-30,BLR,220.0
2020-11-30,COK,111.0
2020-11-30,MAA,956.0
2020-11-30,SBD,512.0
2020-11-30,VJW,366.0
2020-12-02,COK,64.0
2020-12-02,SBD,15.0
2020-12-02,VJW,1.0
2020-12-03,COK,93.0
2020-12-03,MAA,20.0
2020-12-03,SBD,54.0
2020-12-03,VJW,2.0
2020-12-04,BLR,5.0
2020-12-04,COK,47.0
2020-12-04,MAA,35.0
2020-12-04,SBD,12.0
2020-12-04,VJW,13.0
2020-12-05,COK,12.0
2020-12-05,MAA,5.0
2020-12-05,SBD,7.0
2020-12-05,VJW,4.0
2020-12-07,BLR,4.0
2020-12-07,COK,159.0
2020-12-07,MAA,39.0
2020-12-07,SBD,15.0
2020-12-08,BLR,75.0
2020-12-08,COK,97.0
2020-12-08,MAA,37.0
2020-12-08,SBD,41.0
2020-12-08,VJW,7.0
2020-12-09,BLR,152.0
2020-12-09,COK,71.0
2020-12-09,MAA,140.0
2020-12-09,SBD,20.0
2020-12-09,VJW,120.0
2020-12-10,BLR,102.0
2020-12-10,COK,40.0
2020-12-10,MAA,26.0
2020-12-10,SBD,32.0
2020-12-10,VJW,150.0
2020-12-11,BLR,120.0
2020-12-11,COK,55.0
2020-12-11,MAA,80.0
2020-12-11,SBD,12.0
2020-12-11,VJW,13.0
2020-12-12,BLR,100.0
2020-12-12,COK,86.0
2020-12-12,MAA,46.0
2020-12-12,SBD,13.0
2020-12-12,VJW,165.0
2020-12-14,BLR,20.0
2020-12-14,COK,83.0
2020-12-14,MAA,78.0
2020-12-14,SBD,18.0
2020-12-14,VJW,155.0
2020-12-15,BLR,120.0
2020-12-15,COK,161.0
2020-12-15,MAA,294.0
2020-12-15,SBD,185.0
2020-12-15,VJW,160.0
2020-12-16,BLR,127.0
2020-12-16,COK,152.0
2020-12-16,MAA,150.0
2020-12-16,SBD,236.0
2020-12-16,VJW,438.0
2020-12-17,BLR,178.0
2020-12-17,COK,3.0
2020-12-17,MAA,163.0
2020-12-17,SBD,201.0
2020-12-17,VJW,229.0
2020-12-18,BLR,84.0
2020-12-18,COK,88.0
2020-12-18,MAA,29.0
2020-12-18,SBD,107.0
2020-12-18,VJW,85.0
2020-12-19,BLR,88.0
2020-12-19,COK,205.0
2020-12-19,MAA,426.0
2020-12-19,SBD,36.0
2020-12-20,BLR,182.0
2020-12-21,BLR,20.0
2020-12-21,COK,28.0
2020-12-21,MAA,480.0
2020-12-21,SBD,372.0
2020-12-21,VJW,11.0
2020-12-22,BLR,233.0
2020-12-22,COK,120.0
2020-12-22,MAA,212.0
2020-12-22,SBD,421.0
2020-12-22,VJW,213.0
2020-12-23,BLR,676.5
2020-12-23,COK,172.0
2020-12-23,MAA,310.0
2020-12-23,SBD,340.0
2020-12-23,VJW,292.0
2020-12-24,BLR,180.0
2020-12-24,COK,299.5
2020-12-24,MAA,1100.0
2020-12-24,SBD,886.5
2020-12-24,VJW,237.0
2020-12-25,MAA,267.0
2020-12-26,BLR,212.0
2020-12-26,COK,251.0
2020-12-26,MAA,1010.0
2020-12-26,SBD,390.0
2020-12-26,VJW,100.0
2020-12-27,MAA,1052.0
2020-12-27,SBD,505.0
2020-12-27,VJW,344.0
2020-12-28,BLR,185.0
2020-12-28,COK,91.0
2020-12-28,MAA,1335.0
2020-12-28,SBD,285.0
2020-12-28,VJW,365.0
2020-12-29,BLR,144.0
2020-12-29,COK,110.0
2020-12-29,MAA,644.0
2020-12-29,SBD,321.0
2020-12-29,VJW,74.0
2020-12-30,BLR,97.5
2020-12-30,COK,20.0
2020-12-30,MAA,318.0
2020-12-30,SBD,452.0
2020-12-30,VJW,477.0
2020-12-31,BLR,4.0
2020-12-31,COK,137.0
2020-12-31,MAA,485.0
2020-12-31,SBD,215.0
2020-12-31,VJW,10.0
2021-01-04,COK,1.0
2021-01-04,SBD,160.0
2021-01-05,COK,109.0
2021-01-05,MAA,623.0
2021-01-05,SBD,690.0
2021-01-06,COK,20.0
2021-01-06,MAA,2.0
2021-01-06,SBD,157.0
2021-01-06,VJW,188.0
2021-01-07,COK,13.0
2021-01-07,MAA,198.0
2021-01-07,SBD,241.0
2021-01-07,VJW,2.0
2021-01-08,BLR,38.0
2021-01-08,COK,61.0
2021-01-08,MAA,56.0
2021-01-08,SBD,15.0
2021-01-08,VJW,68.0
2021-01-09,COK,7.0
2021-01-09,MAA,26.0
2021-01-09,SBD,42.0
2021-01-10,SBD,60.0
2021-01-10,VJW,160.0
2021-01-11,BLR,71.0
2021-01-11,COK,34.0
2021-01-11,MAA,4.0
2021-01-11,SBD,16.0
2021-01-11,VJW,94.0
2021-01-12,BLR,74.0
2021-01-12,COK,16.0
2021-01-12,MAA,168.0
2021-01-12,SBD,43.0
2021-01-12,VJW,60.0
2021-01-13,BLR,135.0
2021-01-13,COK,26.0
2021-01-13,MAA,56.0
2021-01-13,SBD,348.0
2021-01-13,VJW,182.0
2021-01-14,BLR,100.0
2021-01-14,COK,35.0
2021-01-14,SBD,70.0
2021-01-14,VJW,173.0
2021-01-15,COK,57.0
2021-01-15,MAA,103.0
2021-01-15,VJW,198.0
2021-01-16,COK,11.0
2021-01-16,MAA,46.0
2021-01-16,SBD,55.0
2021-01-16,VJW,2.0
2021-01-18,BLR,180.0
2021-01-18,COK,7.0
2021-01-18,MAA,147.5
2021-01-18,SBD,143.0
2021-01-18,VJW,406.0
2021-01-19,BLR,51.0
2021-01-19,COK,5.0
2021-01-19,MAA,23.5
2021-01-19,SBD,252.0
2021-01-19,VJW,186.0
2021-01-20,COK,29.0
2021-01-20,MAA,211.0
2021-01-20,SBD,346.0
2021-01-20,VJW,259.0
2021-01-21,BLR,130.0
2021-01-21,COK,58.0
2021-01-21,MAA,22.0
2021-01-21,SBD,375.0
2021-01-21,VJW,189.0
2021-01-22,BLR,5.0
2021-01-22,COK,37.0
2021-01-22,MAA,99.0
2021-01-22,SBD,272.0
2021-01-22,VJW,128.0
2021-01-23,BLR,4.0
2021-01-23,COK,36.0
2021-01-23,MAA,86.0
2021-01-23,SBD,320.0
2021-01-23,VJW,48.0
2021-01-25,BLR,43.0
2021-01-25,COK,89.0
2021-01-25,MAA,914.0
2021-01-25,SBD,511.0
2021-01-25,VJW,64.0
2021-01-26,COK,77.0
2021-01-27,BLR,41.0
2021-01-27,COK,8.0
2021-01-27,MAA,200.0
2021-01-27,SBD,746.0
2021-01-27,VJW,377.0
2021-01-28,BLR,135.0
2021-01-28,COK,61.0
2021-01-28,MAA,587.0
2021-01-28,SBD,116.0
2021-01-28,VJW,113.0
2021-01-29,BLR,137.0
2021-01-29,COK,227.0
2021-01-29,MAA,1097.0
2021-01-29,SBD,292.0
2021-01-29,VJW,236.0
2021-01-30,BLR,214.0
2021-01-30,COK,37.0
2021-01-30,MAA,955.0
2021-01-30,SBD,279.0
2021-01-30,VJW,47.0
2021-01-31,BLR,34.0
2021-01-31,COK,242.0
2021-01-31,MAA,2.0
2021-01-31,SBD,461.0
2021-01-31,VJW,29.0
2021-02-01,BLR,31.0
2021-02-01,MAA,126.0
2021-02-01,SBD,35.0
2021-02-01,VJW,1.0
2021-02-02,BLR,87.0
2021-02-02,MAA,86.5
2021-02-02,SBD,196.0
2021-02-02,VJW,4.0
2021-02-03,BLR,4.0
2021-02-03,COK,89.0
2021-02-03,MAA,319.0
2021-02-03,SBD,521.5
2021-02-03,VJW,24.0
2021-02-04,BLR,96.0
2021-02-04,COK,52.0
2021-02-04,MAA,90.0
2021-02-04,SBD,490.0
2021-02-04,VJW,53.0
2021-02-05,BLR,16.0
2021-02-05,COK,39.0
2021-02-05,MAA,173.0
2021-02-05,SBD,750.0
2021-02-05,VJW,58.0
2021-02-06,COK,17.0
2021-02-06,MAA,175.0
2021-02-06,SBD,621.0
2021-02-06,VJW,73.0
2021-02-07,SBD,398.0
2021-02-08,BLR,50.0
2021-02-08,COK,14.0
2021-02-08,MAA,124.0
2021-02-08,SBD,260.0
2021-02-08,VJW,130.0
2021-02-09,BLR,3.0
2021-02-09,COK,58.0
2021-02-09,MAA,189.0
2021-02-09,SBD,259.0
2021-02-09,VJW,75.0
2021-02-10,BLR,6.0
2021-02-10,COK,56.0
2021-02-10,MAA,241.0
2021-02-10,SBD,527.0
2021-02-10,VJW,70.0
2021-02-11,BLR,42.0
2021-02-11,COK,54.0
2021-02-11,MAA,236.0
2021-02-11,SBD,127.0
2021-02-11,VJW,46.0
2021-02-12,BLR,62.0
2021-02-12,COK,42.0
2021-02-12,MAA,471.0
2021-02-12,SBD,115.0
2021-02-12,VJW,94.0
2021-02-13,BLR,100.0
2021-02-13,COK,32.0
2021-02-13,MAA,801.0
2021-02-13,SBD,304.0
2021-02-13,VJW,25.0
2021-02-14,MAA,67.0
2021-02-15,BLR,73.0
2021-02-15,COK,85.0
2021-02-15,MAA,272.5
2021-02-15,SBD,242.0
2021-02-15,VJW,50.0
2021-02-16,BLR,29.0
2021-02-16,COK,112.0
2021-02-16,MAA,170.0
2021-02-16,SBD,289.5
2021-02-16,VJW,105.0
2021-02-17,BLR,105.0
2021-02-17,COK,91.0
2021-02-17,MAA,331.0
2021-02-17,SBD,186.0
2021-02-17,VJW,12.0
2021-02-18,BLR,272.0
2021-02-18,COK,54.5
2021-02-18,MAA,17.0
2021-02-18,SBD,416.0
2021-02-18,VJW,14.0
2021-02-19,BLR,76.5
2021-02-19,COK,14.0
2021-02-19,MAA,373.0
2021-02-19,SBD,887.5
2021-02-19,VJW,3.0
2021-02-20,BLR,46.0
2021-02-20,COK,33.0
2021-02-20,MAA,80.0
2021-02-20,SBD,377.0
2021-02-20,VJW,82.0
2021-02-21,SBD,390.0
2021-02-22,BLR,62.0
2021-02-22,COK,115.0
2021-02-22,MAA,130.0
2021-02-22,SBD,565.0
2021-02-22,VJW,238.0
2021-02-23,BLR,146.0
2021-02-23,COK,79.0
2021-02-23,MAA,196.0
2021-02-23,SBD,349.0
2021-02-23,VJW,520.0
2021-02-24,BLR,56.0
2021-02-24,COK,132.0
2021-02-24,MAA,703.0
2021-02-24,SBD,439.0
2021-02-24,VJW,318.0
2021-02-25,BLR,98.0
2021-02-25,COK,104.0
2021-02-25,MAA,877.0
2021-02-25,SBD,98.0
2021-02-25,VJW,206.0
2021-02-26,BLR,421.0
2021-02-26,COK,220.0
2021-02-26,MAA,534.0
2021-02-26,SBD,378.0
2021-02-26,VJW,91.0
2021-02-27,BLR,114.0
2021-02-27,COK,219.0
2021-02-27,MAA,621.0
2021-02-27,SBD,208.0
2021-02-27,VJW,567.0
2021-02-28,BLR,516.0
2021-02-28,COK,52.0
2021-02-28,MAA,1048.0
2021-02-28,SBD,258.5
2021-02-28,VJW,640.5
2021-03-01,MAA,1.0
2021-03-01,SBD,3.0
2021-03-02,COK,20.0
2021-03-02,SBD,133.0
2021-03-02,VJW,16.0
2021-03-03,BLR,111.0
2021-03-03,COK,6.0
2021-03-03,MAA,86.0
2021-03-03,SBD,85.0
2021-03-03,VJW,5.0
2021-03-04,BLR,216.0
2021-03-04,COK,128.0
2021-03-04,MAA,209.0
2021-03-04,SBD,292.0
2021-03-04,VJW,21.0
2021-03-05,BLR,13.0
2021-03-05,COK,51.0
2021-03-05,MAA,35.0
2021-03-05,SBD,402.0
2021-03-05,VJW,60.0
2021-03-06,BLR,84.0
2021-03-06,COK,101.0
2021-03-06,MAA,397.0
2021-03-06,SBD,484.0
2021-03-06,VJW,208.0
2021-03-07,SBD,200.0
2021-03-08,BLR,107.0
2021-03-08,COK,99.0
2021-03-08,MAA,301.0
2021-03-08,SBD,135.0
2021-03-08,VJW,13.0
2021-03-09,BLR,6.0
2021-03-09,COK,76.0
2021-03-09,MAA,31.0
2021-03-09,SBD,264.0
2021-03-10,BLR,57.0
2021-03-10,COK,117.0
2021-03-10,MAA,196.0
2021-03-10,SBD,637.0
2021-03-10,VJW,249.0
2021-03-11,BLR,113.0
2021-03-11,COK,222.0
2021-03-11,MAA,103.0
2021-03-11,SBD,340.0
2021-03-12,BLR,84.0
2021-03-12,COK,406.0
2021-03-12,MAA,233.0
2021-03-12,SBD,645.0
2021-03-12,VJW,74.0
2021-03-13,BLR,105.0
2021-03-13,COK,164.0
2021-03-13,MAA,186.0
2021-03-13,SBD,674.0
2021-03-13,VJW,821.0
2021-03-14,SBD,60.0
2021-03-14,VJW,200.0
2021-03-15,BLR,128.0
2021-03-15,COK,136.0
2021-03-15,MAA,614.0
2021-03-15,SBD,837.0
2021-03-15,VJW,133.0
2021-03-16,BLR,195.0
2021-03-16,COK,68.0
2021-03-16,MAA,511.0
2021-03-16,SBD,739.0
2021-03-16,VJW,414.0
2021-03-17,BLR,124.0
2021-03-17,COK,252.0
2021-03-17,MAA,721.0
2021-03-17,SBD,622.0
2021-03-17,VJW,402.0
2021-03-18,BLR,80.0
2021-03-18,COK,138.0
2021-03-18,MAA,864.0
2021-03-18,SBD,879.0
2021-03-18,VJW,384.0
2021-03-19,BLR,203.0
2021-03-19,COK,217.0
2021-03-19,MAA,423.0
2021-03-19,SBD,381.0
2021-03-19,VJW,10.0
2021-03-20,BLR,136.5
2021-03-20,COK,110.0
2021-03-20,MAA,431.0
2021-03-20,SBD,335.0
2021-03-20,VJW,194.0
2021-03-21,SBD,43.5
2021-03-21,VJW,91.0
2021-03-22,BLR,78.0
2021-03-22,COK,112.0
2021-03-22,MAA,251.0
2021-03-22,SBD,367.0
2021-03-22,VJW,417.0
2021-03-23,BLR,46.0
2021-03-23,COK,52.0
2021-03-23,MAA,212.0
2021-03-23,SBD,302.0
2021-03-23,VJW,281.0
2021-03-24,BLR,204.0
2021-03-24,COK,134.0
2021-03-24,MAA,617.0
2021-03-24,SBD,313.0
2021-03-24,VJW,529.0
2021-03-25,BLR,89.0
2021-03-25,COK,132.0
2021-03-25,MAA,397.0
2021-03-25,SBD,401.0
2021-03-25,VJW,132.0
2021-03-26,COK,21.0
2021-03-26,MAA,54.0
2021-03-26,SBD,116.0
2021-03-27,BLR,48.0
2021-03-27,COK,3.0
2021-03-27,MAA,12.0
2021-03-27,SBD,15.0
2021-03-27,VJW,12.0
2021-03-28,SBD,105.0
2021-03-29,COK,23.0
2021-03-29,MAA,2.0
2021-03-29,SBD,75.0
2021-03-29,VJW,12.0
2021-03-30,BLR,21.0
2021-03-30,COK,1.0
2021-03-30,MAA,46.0
2021-03-30,SBD,22.0
2021-03-30,VJW,2.0
2021-04-01,MAA,334.0
2021-04-02,BLR,132.0
2021-04-02,MAA,1465.0
2021-04-02,SBD,246.0
2021-04-02,VJW,1.0
2021-04-03,BLR,127.0
2021-04-03,COK,452.0
2021-04-03,MAA,588.0
2021-04-03,SBD,349.0
2021-04-03,VJW,444.0
2021-04-04,MAA,1070.0
2021-04-04,SBD,379.0
2021-04-04,VJW,379.0
2021-04-05,BLR,264.0
2021-04-05,COK,139.0
2021-04-05,MAA,1468.0
2021-04-05,SBD,488.0
2021-04-05,VJW,305.0
2021-04-06,BLR,129.0
2021-04-06,COK,288.0
2021-04-06,SBD,176.0
2021-04-06,VJW,22.0
2021-04-07,BLR,186.0
2021-04-07,COK,228.0
2021-04-07,MAA,1291.0
2021-04-07,SBD,423.0
2021-04-07,VJW,868.0
2021-04-08,BLR,25.0
2021-04-08,COK,146.0
2021-04-08,MAA,1187.0
2021-04-08,SBD,649.0
2021-04-08,VJW,731.0
2021-04-09,BLR,237.0
2021-04-09,COK,56.0
2021-04-09,MAA,674.0
2021-04-09,SBD,860.0
2021-04-09,VJW,739.0
2021-04-10,BLR,112.0
2021-04-10,COK,104.0
2021-04-10,MAA,2207.0
2021-04-10,SBD,333.0
2021-04-10,VJW,765.0
2021-04-11,MAA,110.0
2021-04-11,SBD,260.0
2021-04-11,VJW,136.0
2021-04-12,BLR,67.0
2021-04-12,COK,138.0
2021-04-12,MAA,464.0
2021-04-12,SBD,599.0
2021-04-12,VJW,450.0
2021-04-13,BLR,131.0
2021-04-13,COK,90.0
2021-04-13,MAA,689.0
2021-04-14,BLR,130.0
2021-04-14,MAA,242.0
2021-04-14,SBD,365.0
2021-04-14,VJW,290.0
2021-04-15,BLR,51.0
2021-04-15,COK,197.0
2021-04-15,MAA,1108.0
2021-04-15,SBD,216.0
2021-04-15,VJW,122.0
2021-04-16,BLR,273.0
2021-04-16,COK,190.0
2021-04-16,MAA,1438.0
2021-04-16,SBD,560.0
2021-04-16,VJW,606.0
2021-04-17,BLR,173.0
2021-04-17,COK,185.0
2021-04-17,MAA,1870.0
2021-04-17,SBD,786.0
2021-04-17,VJW,493.0
2021-04-18,SBD,221.0
2021-04-18,VJW,756.0
2021-04-19,BLR,53.0
2021-04-19,COK,212.0
2021-04-19,MAA,718.0
2021-04-19,SBD,415.0
2021-04-19,VJW,232.0
2021-04-20,BLR,145.0
2021-04-20,COK,100.0
2021-04-20,MAA,333.0
2021-04-20,SBD,327.0
2021-04-20,VJW,98.0
2021-04-21,BLR,9.0
2021-04-21,COK,56.0
2021-04-21,MAA,262.0
2021-04-21,SBD,230.0
2021-04-22,BLR,46.0
2021-04-22,COK,75.0
2021-04-22,MAA,558.5
2021-04-22,SBD,341.0
2021-04-22,VJW,117.0
2021-04-23,BLR,32.0
2021-04-23,COK,88.0
2021-04-23,MAA,432.0
2021-04-23,SBD,703.0
2021-04-23,VJW,50.0
2021-04-24,MAA,180.0
2021-04-24,SBD,463.0
2021-04-24,VJW,253.0
2021-04-25,SBD,140.0
2021-04-25,VJW,27.0
2021-04-26,BLR,98.0
2021-04-26,COK,42.0
2021-04-26,MAA,811.0
2021-04-26,SBD,192.0
2021-04-26,VJW,109.0
2021-04-27,BLR,41.0
2021-04-27,COK,44.0
2021-04-27,MAA,567.0
2021-04-27,SBD,181.0
2021-04-27,VJW,75.0
2021-04-28,BLR,32.0
2021-04-28,COK,50.0
2021-04-28,MAA,1042.5
2021-04-28,SBD,95.0
2021-04-28,VJW,103.0
2021-04-29,COK,53.0
2021-04-29,MAA,958.0
2021-04-29,SBD,0.5
2021-04-29,VJW,7.0
2021-04-30,BLR,1.0
2021-04-30,COK,51.0
2021-04-30,MAA,652.0
2021-04-30,SBD,653.0
2021-04-30,VJW,334.0
2021-05-03,MAA,4.0
2021-05-04,MAA,18.0
2021-05-04,SBD,11.0
2021-05-05,MAA,68.0
2021-05-05,SBD,219.0
2021-05-06,COK,19.0
2021-05-06,MAA,30.0
2021-05-06,SBD,199.5
2021-05-07,BLR,10.0
2021-05-07,MAA,92.0
2021-05-07,SBD,169.0
2021-05-07,VJW,80.0
2021-05-08,BLR,12.0
2021-05-08,MAA,174.0
2021-05-08,SBD,2.0
2021-05-08,VJW,6.5
2021-05-09,MAA,41.0
2021-05-10,SBD,31.5
2021-05-10,VJW,24.0
2021-05-11,SBD,34.0
2021-05-12,SBD,97.0
2021-05-12,VJW,3.0
2021-05-13,VJW,34.0
2021-05-14,BLR,8.0
2021-05-14,MAA,6.0
2021-05-14,SBD,48.0
2021-05-14,VJW,6.0
2021-05-15,SBD,26.0
2021-05-15,VJW,5.0
2021-05-17,SBD,6.0
2021-05-17,VJW,2.0
2021-05-18,MAA,123.0
2021-05-18,SBD,188.0
2021-05-19,COK,3.0
2021-05-19,MAA,153.0
2021-05-19,SBD,106.5
2021-05-19,VJW,15.0
2021-05-20,SBD,5.5
2021-05-20,VJW,21.0
2021-05-22,BLR,12.0
2021-05-22,SBD,2.0
2021-05-22,VJW,10.0
2021-05-23,MAA,1.0
2021-05-24,SBD,15.0
2021-05-24,VJW,38.0
2021-05-25,BLR,8.0
2021-05-25,SBD,59.0
2021-05-25,VJW,42.0
2021-05-26,BLR,77.0
2021-05-26,SBD,15.0
2021-05-26,VJW,2.0
2021-05-27,BLR,27.0
2021-05-27,SBD,15.0
2021-05-28,BLR,19.0
2021-05-28,SBD,8.0
2021-05-28,VJW,15.0
2021-05-29,BLR,15.0
2021-05-29,SBD,106.0
2021-05-29,VJW,42.5
2021-05-31,BLR,187.0
2021-05-31,MAA,420.0
2021-05-31,SBD,145.0
2021-05-31,VJW,168.0
2021-06-01,COK,3.0
2021-06-03,COK,34.0
2021-06-03,VJW,6.0
2021-06-04,BLR,8.0
2021-06-04,COK,11.0
2021-06-04,SBD,31.0
2021-06-04,VJW,54.0
2021-06-05,BLR,9.5
2021-06-05,MAA,6.0
2021-06-05,SBD,21.0
2021-06-05,VJW,33.0
2021-06-07,SBD,103.0
2021-06-07,VJW,14.0
2021-06-08,COK,18.0
2021-06-08,MAA,50.0
2021-06-08,SBD,53.0
2021-06-08,VJW,29.0
2021-06-09,BLR,26.0
2021-06-09,COK,11.5
2021-06-09,MAA,73.0
2021-06-09,SBD,34.0
2021-06-09,VJW,47.0
2021-06-10,COK,30.0
2021-06-10,MAA,28.0
2021-06-10,SBD,12.0
2021-06-10,VJW,54.0
2021-06-11,BLR,25.0
2021-06-11,COK,4.0
2021-06-11,MAA,47.0
2021-06-11,VJW,9.0
2021-06-12,MAA,50.0
2021-06-12,SBD,26.0
2021-06-14,BLR,1.0
2021-06-14,COK,44.5
2021-06-14,MAA,33.0
2021-06-14,VJW,102.0
2021-06-15,BLR,2.0
2021-06-15,COK,12.0
2021-06-15,MAA,140.0
2021-06-15,SBD,48.0
2021-06-15,VJW,20.0
2021-06-16,COK,6.0
2021-06-16,MAA,372.0
2021-06-16,SBD,51.0
2021-06-16,VJW,78.0
2021-06-17,BLR,13.0
2021-06-17,COK,11.0
2021-06-17,MAA,100.0
2021-06-17,SBD,142.0
2021-06-17,VJW,104.0
2021-06-18,BLR,5.0
2021-06-18,COK,8.5
2021-06-18,MAA,25.0
2021-06-18,SBD,3.5
2021-06-19,BLR,5.0
2021-06-19,MAA,212.0
2021-06-19,SBD,21.0
2021-06-21,BLR,47.0
2021-06-21,COK,9.0
2021-06-21,MAA,37.0
2021-06-21,SBD,41.0
2021-06-21,VJW,5.0
2021-06-22,COK,15.0
2021-06-22,MAA,427.0
2021-06-22,SBD,69.0
2021-06-22,VJW,25.0
2021-06-23,COK,13.0
2021-06-23,MAA,100.0
2021-06-23,SBD,26.0
2021-06-24,BLR,72.5
2021-06-24,COK,56.0
2021-06-24,MAA,185.0
2021-06-24,SBD,11.0
2021-06-25,BLR,15.0
2021-06-25,COK,64.0
2021-06-25,MAA,211.5
2021-06-25,SBD,62.0
2021-06-25,VJW,121.0
2021-06-26,BLR,108.0
2021-06-26,MAA,483.0
2021-06-26,SBD,105.0
2021-06-26,VJW,435.0
2021-06-27,VJW,89.0
2021-06-28,BLR,59.0
2021-06-28,COK,167.0
2021-06-28,MAA,558.0
2021-06-28,SBD,382.5
2021-06-28,VJW,66.0
2021-06-29,BLR,70.0
2021-06-29,COK,175.0
2021-06-29,MAA,892.5
2021-06-29,SBD,277.0
2021-06-29,VJW,314.0
2021-06-30,BLR,149.0
2021-06-30,COK,21.0
2021-06-30,MAA,162.0
2021-06-30,SBD,348.0
2021-06-30,VJW,317.0
2021-07-02,MAA,1.0
2021-07-03,COK,2.0
2021-07-03,SBD,103.0
2021-07-05,BLR,2.0
2021-07-05,COK,10.0
2021-07-05,MAA,10.0
2021-07-05,SBD,1.0
2021-07-05,VJW,34.0
2021-07-06,COK,17.0
2021-07-06,MAA,105.0
2021-07-06,SBD,130.0
2021-07-07,COK,4.0
2021-07-07,MAA,267.0
2021-07-07,SBD,207.0
2021-07-07,VJW,164.0
2021-07-08,BLR,55.0
2021-07-08,COK,28.0
2021-07-08,MAA,96.0
2021-07-08,SBD,22.0
2021-07-08,VJW,24.0
2021-07-09,BLR,13.0
2021-07-09,COK,6.0
2021-07-09,MAA,247.0
2021-07-09,SBD,84.5
2021-07-09,VJW,17.0
2021-07-10,BLR,58.0
2021-07-10,MAA,99.0
2021-07-10,SBD,37.0
2021-07-10,VJW,1.0
2021-07-12,BLR,3.0
2021-07-12,COK,14.0
2021-07-12,MAA,175.0
2021-07-12,SBD,25.0
2021-07-12,VJW,19.0
2021-07-13,BLR,13.0
2021-07-13,COK,127.0
2021-07-13,MAA,49.0
2021-07-13,SBD,80.0
2021-07-13,VJW,8.0
2021-07-14,BLR,12.0
2021-07-14,COK,19.0
2021-07-14,MAA,132.0
2021-07-14,SBD,183.0
2021-07-14,VJW,3.0
2021-07-15,BLR,84.0
2021-07-15,COK,38.0
2021-07-15,MAA,84.0
2021-07-15,SBD,102.0
2021-07-15,VJW,7.0
2021-07-16,BLR,17.0
2021-07-16,COK,13.0
2021-07-16,MAA,193.0
2021-07-16,SBD,338.0
2021-07-16,VJW,70.0
2021-07-17,BLR,5.0
2021-07-17,MAA,42.0
2021-07-17,SBD,35.0
2021-07-19,BLR,42.0
2021-07-19,COK,12.0
2021-07-19,MAA,210.0
2021-07-19,VJW,16.0
2021-07-20,BLR,92.0
2021-07-20,COK,8.0
2021-07-20,MAA,20.5
2021-07-20,SBD,52.0
2021-07-20,VJW,54.0
2021-07-21,BLR,27.0
2021-07-21,COK,6.0
2021-07-21,MAA,93.0
2021-07-21,SBD,31.5
2021-07-21,VJW,50.0
2021-07-22,BLR,65.0
2021-07-22,COK,7.0
2021-07-22,MAA,120.0
2021-07-22,SBD,121.0
2021-07-22,VJW,3.0
2021-07-23,BLR,23.0
2021-07-23,COK,13.0
2021-07-23,MAA,329.0
2021-07-23,SBD,31.0
2021-07-23,VJW,108.0
2021-07-24,BLR,1.0
2021-07-24,COK,6.0
2021-07-24,MAA,43.0
2021-07-24,SBD,5.0
2021-07-24,VJW,35.0
2021-07-26,COK,17.0
2021-07-26,MAA,84.0
2021-07-26,VJW,2.0
2021-07-27,BLR,118.0
2021-07-27,COK,10.0
2021-07-27,MAA,466.5
2021-07-27,SBD,48.0
2021-07-27,VJW,37.0
2021-07-28,BLR,49.0
2021-07-28,COK,60.0
2021-07-28,MAA,198.0
2021-07-28,SBD,50.0
2021-07-28,VJW,98.0
2021-07-29,BLR,131.0
2021-07-29,COK,97.0
2021-07-29,MAA,564.0
2021-07-29,SBD,32.0
2021-07-29,VJW,129.5
2021-07-30,BLR,125.0
2021-07-30,COK,57.0
2021-07-30,MAA,499.0
2021-07-30,SBD,125.0
2021-07-30,VJW,379.5
2021-07-31,BLR,72.0
2021-07-31,COK,80.0
2021-07-31,MAA,183.0
2021-07-31,SBD,413.0
2021-07-31,VJW,213.0
2021-08-03,BLR,19.0
2021-08-03,MAA,32.0
2021-08-03,SBD,11.0
2021-08-04,BLR,22.0
2021-08-04,COK,31.0
2021-08-04,MAA,9.0
2021-08-04,SBD,92.0
2021-08-04,VJW,4.0
2021-08-05,COK,14.0
2021-08-05,MAA,61.0
2021-08-05,SBD,0.5
2021-08-05,VJW,3.0
2021-08-06,BLR,7.0
2021-08-06,COK,10.0
2021-08-06,MAA,185.0
2021-08-06,SBD,40.0
2021-08-06,VJW,2.5
2021-08-07,BLR,13.0
2021-08-07,COK,8.0
2021-08-07,MAA,130.0
2021-08-07,SBD,25.0
2021-08-07,VJW,40.0
2021-08-09,BLR,7.5
2021-08-09,COK,17.0
2021-08-09,MAA,215.0
2021-08-09,SBD,5.0
2021-08-10,BLR,34.0
2021-08-10,COK,23.0
2021-08-10,MAA,134.5
2021-08-10,SBD,54.0
2021-08-10,VJW,29.0
2021-08-11,BLR,19.0
2021-08-11,COK,4.0
2021-08-11,MAA,150.0
2021-08-11,SBD,50.0
2021-08-11,VJW,10.0
2021-08-12,BLR,2.0
2021-08-12,COK,10.0
2021-08-12,MAA,327.5
2021-08-12,SBD,154.0
2021-08-12,VJW,31.5
2021-08-13,BLR,18.0
2021-08-13,COK,13.0
2021-08-13,MAA,344.0
2021-08-13,SBD,381.0
2021-08-13,VJW,2.0
2021-08-14,COK,12.0
2021-08-14,MAA,291.0
2021-08-14,SBD,44.0
2021-08-14,VJW,3.0
2021-08-16,BLR,16.0
2021-08-16,COK,30.0
2021-08-16,MAA,198.5
2021-08-16,SBD,37.0
2021-08-16,VJW,91.0
2021-08-17,BLR,30.0
2021-08-17,COK,29.5
2021-08-17,MAA,597.0
2021-08-17,SBD,41.0
2021-08-17,VJW,27.0
2021-08-18,BLR,105.0
2021-08-18,COK,64.0
2021-08-18,MAA,83.0
2021-08-18,SBD,45.0
2021-08-18,VJW,3.0
2021-08-19,BLR,11.0
2021-08-19,COK,49.0
2021-08-19,MAA,342.0
2021-08-19,SBD,119.0
2021-08-19,VJW,1.0
2021-08-20,BLR,18.0
2021-08-20,COK,19.0
2021-08-20,MAA,228.0
2021-08-20,SBD,12.0
2021-08-20,VJW,38.0
2021-08-21,MAA,35.0
2021-08-21,SBD,26.0
2021-08-23,BLR,45.0
2021-08-23,COK,1.0
2021-08-23,MAA,169.0
2021-08-23,SBD,20.0
2021-08-23,VJW,35.0
2021-08-24,BLR,158.5
2021-08-24,COK,21.0
2021-08-24,MAA,105.0
2021-08-24,SBD,98.0
2021-08-24,VJW,71.5
2021-08-25,BLR,69.0
2021-08-25,COK,72.0
2021-08-25,MAA,291.0
2021-08-25,SBD,58.0
2021-08-25,VJW,241.0
2021-08-26,BLR,87.0
2021-08-26,COK,131.0
2021-08-26,MAA,302.0
2021-08-26,SBD,110.5
2021-08-26,VJW,118.0
2021-08-27,BLR,73.5
2021-08-27,COK,57.5
2021-08-27,MAA,105.0
2021-08-27,SBD,62.0
2021-08-27,VJW,364.0
2021-08-28,BLR,39.0
2021-08-28,COK,6.0
2021-08-28,MAA,123.0
2021-08-28,SBD,18.0
2021-08-28,VJW,53.0
2021-08-30,BLR,32.0
2021-08-30,COK,11.0
2021-08-30,MAA,596.0
2021-08-30,SBD,287.0
2021-08-30,VJW,191.0
2021-08-31,BLR,207.0
2021-08-31,COK,200.0
2021-08-31,MAA,282.0
2021-08-31,SBD,563.0
2021-08-31,VJW,101.0
2021-09-02,BLR,7.0
2021-09-02,COK,23.0
2021-09-02,MAA,256.0
2021-09-02,SBD,15.0
2021-09-03,COK,51.0
2021-09-03,MAA,39.0
2021-09-03,SBD,71.0
2021-09-03,VJW,2.0
2021-09-04,COK,10.0
2021-09-04,MAA,5.0
2021-09-04,SBD,3.0
2021-09-06,BLR,4.0
2021-09-06,COK,13.0
2021-09-06,MAA,262.0
2021-09-06,SBD,85.0
2021-09-06,VJW,1.5
2021-09-07,BLR,6.0
2021-09-07,MAA,135.0
2021-09-07,VJW,5.0
2021-09-08,BLR,4.0
2021-09-08,MAA,46.0
2021-09-08,SBD,93.5
2021-09-08,VJW,22.0
2021-09-09,BLR,35.0
2021-09-09,COK,38.0
2021-09-09,MAA,224.0
2021-09-09,SBD,71.0
2021-09-09,VJW,14.0
2021-09-10,COK,3.0
2021-09-11,BLR,61.0
2021-09-11,COK,9.0
2021-09-11,MAA,117.5
2021-09-11,SBD,35.0
2021-09-11,VJW,5.0
2021-09-13,BLR,17.0
2021-09-13,COK,18.0
2021-09-13,MAA,95.0
2021-09-13,SBD,2.0
2021-09-13,VJW,41.0
2021-09-14,BLR,130.0
2021-09-14,COK,48.0
2021-09-14,MAA,384.0
2021-09-14,SBD,74.0
2021-09-14,VJW,96.0
2021-09-15,BLR,111.5
2021-09-15,COK,25.0
2021-09-15,MAA,155.0
2021-09-15,SBD,13.0
2021-09-15,VJW,116.0
2021-09-16,BLR,236.0
2021-09-16,COK,45.0
2021-09-16,MAA,507.0
2021-09-16,SBD,64.0
2021-09-16,VJW,153.0
2021-09-17,BLR,54.0
2021-09-17,COK,47.0
2021-09-17,MAA,222.0
2021-09-17,SBD,71.5
2021-09-17,VJW,5.0
2021-09-18,BLR,4.0
2021-09-18,COK,9.0
2021-09-18,MAA,243.0
2021-09-18,SBD,32.0
2021-09-18,VJW,5.0
2021-09-20,BLR,29.5
2021-09-20,COK,13.0
2021-09-20,MAA,168.0
2021-09-20,SBD,111.0
2021-09-21,BLR,88.0
2021-09-21,COK,25.5
2021-09-21,MAA,439.0
2021-09-21,SBD,282.0
2021-09-21,VJW,15.0
2021-09-22,BLR,4.0
2021-09-22,COK,7.0
2021-09-22,MAA,112.0
2021-09-22,SBD,23.0
2021-09-22,VJW,77.0
2021-09-23,BLR,81.0
2021-09-23,COK,111.0
2021-09-23,MAA,304.0
2021-09-23,SBD,186.0
2021-09-23,VJW,55.0
2021-09-24,BLR,42.0
2021-09-24,COK,87.0
2021-09-24,MAA,224.0
2021-09-24,SBD,42.0
2021-09-24,VJW,196.0
2021-09-25,BLR,85.0
2021-09-25,COK,70.0
2021-09-25,MAA,468.0
2021-09-25,SBD,235.0
2021-09-25,VJW,184.0
2021-09-26,VJW,173.0
2021-09-27,BLR,168.0
2021-09-27,COK,63.0
2021-09-27,MAA,241.0
2021-09-27,SBD,48.0
2021-09-27,VJW,141.0
2021-09-28,BLR,156.5
2021-09-28,COK,42.0
2021-09-28,MAA,432.0
2021-09-28,SBD,300.0
2021-09-28,VJW,49.5
2021-09-29,BLR,308.0
2021-09-29,COK,150.0
2021-09-29,MAA,553.0
2021-09-29,SBD,1019.0
2021-09-29,VJW,890.0
2021-09-30,BLR,489.0
2021-09-30,COK,216.0
2021-09-30,MAA,515.0
2021-09-30,SBD,503.0
2021-09-30,VJW,272.0
2021-10-04,COK,9.0
2021-10-04,MAA,1.5
2021-10-04,SBD,57.0
2021-10-05,BLR,32.0
2021-10-05,COK,12.0
2021-10-05,MAA,42.0
2021-10-05,SBD,13.0
2021-10-05,VJW,6.0
2021-10-06,BLR,7.0
2021-10-06,COK,41.0
2021-10-06,SBD,30.0
2021-10-06,VJW,26.0
2021-10-07,BLR,54.0
2021-10-07,COK,9.0
2021-10-07,MAA,185.0
2021-10-07,SBD,21.0
2021-10-07,VJW,42.0
2021-10-08,BLR,46.0
2021-10-08,COK,33.0
2021-10-08,MAA,181.0
2021-10-08,SBD,57.0
2021-10-08,VJW,1.0
2021-10-09,BLR,13.0
2021-10-09,COK,17.0
2021-10-09,MAA,36.0
2021-10-09,SBD,10.0
2021-10-09,VJW,9.0
2021-10-11,BLR,44.0
2021-10-11,COK,217.0
2021-10-11,MAA,35.0
2021-10-11,VJW,3.0
2021-10-12,BLR,63.0
2021-10-12,COK,2.0
2021-10-12,MAA,193.5
2021-10-12,SBD,126.0
2021-10-12,VJW,474.0
2021-10-13,BLR,24.5
2021-10-13,COK,17.5
2021-10-13,MAA,24.5
2021-10-13,SBD,141.0
2021-10-13,VJW,10.0
2021-10-14,COK,37.0
2021-10-14,MAA,262.5
2021-10-14,SBD,27.0
2021-10-14,VJW,34.5
2021-10-16,BLR,22.0
2021-10-16,COK,16.0
2021-10-16,MAA,234.0
2021-10-16,SBD,113.0
2021-10-16,VJW,138.0
2021-10-18,BLR,19.5
2021-10-18,COK,6.0
2021-10-18,MAA,92.0
2021-10-18,SBD,112.0
2021-10-18,VJW,39.0
2021-10-19,BLR,52.5
2021-10-19,COK,10.0
2021-10-19,MAA,138.0
2021-10-19,SBD,206.0
2021-10-19,VJW,21.0
2021-10-20,BLR,27.0
2021-10-20,COK,11.0
2021-10-20,MAA,146.0
2021-10-20,SBD,50.0
2021-10-20,VJW,3.0
2021-10-21,BLR,23.0
2021-10-21,COK,51.0
2021-10-21,MAA,213.0
2021-10-21,SBD,25.0
2021-10-21,VJW,4.0
2021-10-22,BLR,53.0
2021-10-22,COK,5.0
2021-10-22,MAA,234.0
2021-10-22,SBD,17.5
2021-10-22,VJW,4.0
2021-10-23,BLR,23.0
2021-10-23,MAA,71.0
2021-10-23,SBD,30.0
2021-10-23,VJW,57.0
2021-10-25,BLR,15.0
2021-10-25,COK,68.0
2021-10-25,MAA,472.0
2021-10-25,SBD,120.0
2021-10-25,VJW,146.0
2021-10-26,BLR,234.0
2021-10-26,COK,339.0
2021-10-26,MAA,289.0
2021-10-26,SBD,285.0
2021-10-26,VJW,71.0
2021-10-27,BLR,45.0
2021-10-27,COK,70.0
2021-10-27,MAA,93.0
2021-10-27,SBD,669.0
2021-10-27,VJW,42.0
2021-10-28,BLR,49.0
2021-10-28,COK,22.5
2021-10-28,MAA,325.0
2021-10-28,SBD,453.0
2021-10-28,VJW,128.5
2021-10-29,BLR,45.0
2021-10-29,COK,58.0
2021-10-29,MAA,731.5
2021-10-29,SBD,114.0
2021-10-29,VJW,889.0
2021-10-30,BLR,379.0
2021-10-30,COK,32.0
2021-10-30,MAA,327.0
2021-10-30,SBD,320.5
2021-10-30,VJW,199.0
2021-10-31,BLR,38.0
2021-10-31,COK,41.0
2021-10-31,MAA,75.0
2021-10-31,SBD,87.0
2021-11-01,SBD,130.0
2021-11-02,BLR,4.0
2021-11-02,COK,34.0
2021-11-02,MAA,91.0
2021-11-02,SBD,181.0
2021-11-02,VJW,1.0
2021-11-03,BLR,4.0
2021-11-03,COK,21.0
2021-11-03,MAA,480.0
2021-11-03,SBD,96.0
2021-11-03,VJW,12.0
2021-11-05,COK,1.0
2021-11-06,BLR,11.0
2021-11-06,COK,61.0
2021-11-06,VJW,1.0
2021-11-08,BLR,12.0
2021-11-08,COK,2.0
2021-11-08,MAA,54.0
2021-11-08,SBD,149.0
2021-11-08,VJW,80.0
2021-11-09,BLR,17.0
2021-11-09,COK,25.0
2021-11-09,MAA,68.0
2021-11-09,SBD,119.0
2021-11-09,VJW,7.0
2021-11-10,BLR,8.0
2021-11-10,COK,65.0
2021-11-10,MAA,85.0
2021-11-10,SBD,89.0
2021-11-10,VJW,2.0
2021-11-11,BLR,5.0
2021-11-11,COK,24.0
2021-11-11,SBD,12.0
2021-11-12,BLR,20.0
2021-11-12,COK,19.0
2021-11-12,MAA,39.0
2021-11-12,SBD,57.0
2021-11-12,VJW,1.0
2021-11-13,COK,3.0
2021-11-13,MAA,110.0
2021-11-13,SBD,24.0
2021-11-13,VJW,27.5
2021-11-15,BLR,48.0
2021-11-15,COK,10.0
2021-11-15,MAA,186.0
2021-11-15,SBD,170.0
2021-11-15,VJW,29.0
2021-11-16,BLR,112.0
2021-11-16,COK,37.0
2021-11-16,MAA,10.0
2021-11-16,SBD,48.0
2021-11-16,VJW,58.0
2021-11-17,BLR,14.0
2021-11-17,COK,74.0
2021-11-17,MAA,39.0
2021-11-17,SBD,106.0
2021-11-17,VJW,43.0
2021-11-18,BLR,5.5
2021-11-18,COK,11.0
2021-11-18,MAA,74.0
2021-11-18,SBD,90.0
2021-11-19,BLR,70.5
2021-11-19,COK,18.0
2021-11-19,MAA,49.0
2021-11-19,SBD,75.0
2021-11-19,VJW,16.0
2021-11-20,BLR,45.0
2021-11-20,COK,9.0
2021-11-20,MAA,2.0
2021-11-22,BLR,39.0
2021-11-22,COK,3.0
2021-11-22,MAA,70.0
2021-11-22,SBD,63.0
2021-11-23,BLR,131.5
2021-11-23,COK,38.0
2021-11-23,MAA,171.0
2021-11-23,SBD,74.0
2021-11-23,VJW,101.0
2021-11-24,BLR,117.0
2021-11-24,COK,34.0
2021-11-24,MAA,43.0
2021-11-24,SBD,183.0
2021-11-24,VJW,4.0
2021-11-25,BLR,71.0
2021-11-25,COK,40.0
2021-11-25,MAA,285.5
2021-11-25,SBD,253.0
2021-11-25,VJW,3.0
2021-11-26,BLR,31.0
2021-11-26,COK,121.0
2021-11-26,MAA,362.0
2021-11-26,SBD,42.0
2021-11-26,VJW,279.0
2021-11-27,BLR,53.0
2021-11-27,COK,34.0
2021-11-27,MAA,282.0
2021-11-27,SBD,37.0
2021-11-27,VJW,43.0
2021-11-28,MAA,62.0
2021-11-29,BLR,214.5
2021-11-29,COK,198.0
2021-11-29,MAA,471.0
2021-11-29,SBD,49.0
2021-11-29,VJW,218.0
2021-11-30,BLR,613.0
2021-11-30,COK,269.5
2021-11-30,MAA,717.0
2021-11-30,SBD,269.5
2021-11-30,VJW,115.0
2021-12-02,BLR,16.0
2021-12-02,COK,6.0
2021-12-02,MAA,1.0
2021-12-02,SBD,61.0
2021-12-03,BLR,51.0
2021-12-03,COK,28.0
2021-12-03,SBD,141.0
2021-12-03,VJW,110.0
2021-12-04,COK,41.0
2021-12-04,MAA,53.0
2021-12-04,SBD,92.0
2021-12-06,BLR,8.5
2021-12-06,COK,21.0
2021-12-06,MAA,44.0
2021-12-06,SBD,62.0
2021-12-07,BLR,55.0
2021-12-07,COK,19.0
2021-12-07,MAA,64.0
2021-12-07,SBD,8.0
2021-12-08,BLR,110.5
2021-12-08,COK,8.0
2021-12-08,MAA,14.5
2021-12-08,SBD,18.0
2021-12-09,BLR,9.0
2021-12-09,COK,22.0
2021-12-09,MAA,185.5
2021-12-09,SBD,227.0
2021-12-09,VJW,4.0
2021-12-10,BLR,100.5
2021-12-10,COK,46.0
2021-12-10,MAA,40.0
2021-12-10,SBD,164.0
2021-12-10,VJW,1.0
2021-12-11,BLR,28.0
2021-12-11,COK,42.0
2021-12-11,MAA,86.0
2021-12-11,VJW,53.0
2021-12-13,BLR,139.0
2021-12-13,COK,55.5
2021-12-13,MAA,341.0
2021-12-13,SBD,166.0
2021-12-13,VJW,173.0
2021-12-14,BLR,74.5
2021-12-14,COK,42.0
2021-12-14,MAA,450.0
2021-12-14,SBD,33.0
2021-12-14,VJW,100.0
2021-12-15,BLR,59.0
2021-12-15,COK,100.0
2021-12-15,MAA,973.0
2021-12-15,SBD,980.0
2021-12-15,VJW,140.0
2021-12-16,BLR,11.0
2021-12-16,COK,176.0
2021-12-16,MAA,157.0
2021-12-16,SBD,2296.0
2021-12-16,VJW,143.5
2021-12-17,BLR,69.0
2021-12-17,COK,48.0
2021-12-17,MAA,364.0
2021-12-17,SBD,1672.0
2021-12-17,VJW,81.0
2021-12-18,COK,151.0
2021-12-18,MAA,243.0
2021-12-18,SBD,1716.0
2021-12-19,MAA,358.0
2021-12-19,SBD,640.0
2021-12-20,BLR,293.0
2021-12-20,COK,59.0
2021-12-20,MAA,448.0
2021-12-20,SBD,881.0
2021-12-21,BLR,149.0
2021-12-21,COK,111.0
2021-12-21,MAA,924.0
2021-12-21,SBD,529.5
2021-12-21,VJW,557.0
2021-12-22,BLR,144.0
2021-12-22,COK,86.0
2021-12-22,MAA,437.0
2021-12-22,SBD,432.0
2021-12-22,VJW,15.0
2021-12-23,BLR,128.0
2021-12-23,COK,232.0
2021-12-23,MAA,1268.0
2021-12-23,SBD,267.0
2021-12-23,VJW,14.0
2021-12-24,BLR,419.0
2021-12-24,COK,269.0
2021-12-24,MAA,1445.0
2021-12-24,SBD,93.0
2021-12-24,VJW,33.0
2021-12-26,MAA,736.0
2021-12-27,BLR,281.0
2021-12-27,COK,427.0
2021-12-27,MAA,1489.5
2021-12-27,SBD,76.5
2021-12-27,VJW,655.0
2021-12-28,BLR,407.0
2021-12-28,COK,319.0
2021-12-28,MAA,541.0
2021-12-28,SBD,580.0
2021-12-28,VJW,146.0
2021-12-29,BLR,202.0
2021-12-29,COK,185.0
2021-12-29,MAA,658.0
2021-12-29,SBD,2164.0
2021-12-29,VJW,278.5
2021-12-30,BLR,232.0
2021-12-30,COK,235.0
2021-12-30,MAA,272.0
2021-12-30,SBD,1657.0
2021-12-30,VJW,219.0
2021-12-31,BLR,431.5
2021-12-31,COK,359.0
2021-12-31,MAA,296.0
2021-12-31,SBD,353.0
2021-12-31,VJW,115.0
2022-01-04,MAA,1.0
2022-01-04,SBD,8.0
2022-01-05,BLR,0.5
2022-01-05,COK,12.0
2022-01-05,MAA,711.0
2022-01-05,SBD,6.0
2022-01-05,VJW,1.0
2022-01-06,BLR,19.0
2022-01-06,COK,7.0
2022-01-06,MAA,283.0
2022-01-06,SBD,147.0
2022-01-06,VJW,2.0
2022-01-07,BLR,170.0
2022-01-07,COK,121.0
2022-01-07,MAA,159.0
2022-01-07,SBD,844.0
2022-01-07,VJW,50.0
2022-01-08,COK,5.0
2022-01-08,MAA,26.0
2022-01-08,SBD,924.0
2022-01-10,BLR,13.0
2022-01-10,MAA,84.5
2022-01-10,SBD,311.0
2022-01-10,VJW,30.0
2022-01-11,BLR,26.0
2022-01-11,COK,8.0
2022-01-11,MAA,24.0
2022-01-11,SBD,271.0
2022-01-11,VJW,5.0
2022-01-12,BLR,11.0
2022-01-12,COK,36.0
2022-01-12,MAA,255.0
2022-01-12,SBD,415.0
2022-01-12,VJW,65.0
2022-01-13,BLR,59.0
2022-01-13,COK,16.0
2022-01-13,MAA,42.0
2022-01-13,SBD,312.0
2022-01-13,VJW,25.0
2022-01-14,COK,57.0
2022-01-14,SBD,130.0
2022-01-15,COK,6.0
2022-01-15,SBD,135.0
2022-01-17,BLR,49.0
2022-01-17,COK,27.0
2022-01-17,MAA,1.0
2022-01-17,SBD,264.0
2022-01-17,VJW,316.0
2022-01-18,BLR,17.0
2022-01-18,COK,10.0
2022-01-18,MAA,3.0
2022-01-18,SBD,98.0
2022-01-18,VJW,95.0
2022-01-19,BLR,19.0
2022-01-19,COK,15.0
2022-01-19,MAA,216.0
2022-01-19,SBD,6.0
2022-01-19,VJW,3.0
2022-01-20,BLR,20.0
2022-01-20,COK,70.0
2022-01-20,MAA,116.0
2022-01-20,SBD,3.5
2022-01-20,VJW,35.0
2022-01-21,BLR,262.0
2022-01-21,MAA,30.0
2022-01-21,SBD,13.0
2022-01-21,VJW,31.0
2022-01-22,COK,48.0
2022-01-22,SBD,17.0
2022-01-22,VJW,5.0
2022-01-24,COK,21.0
2022-01-24,SBD,31.0
2022-01-24,VJW,92.0
2022-01-25,BLR,20.0
2022-01-25,COK,52.0
2022-01-25,MAA,48.0
2022-01-25,SBD,55.0
2022-01-25,VJW,82.0
2022-01-27,BLR,38.0
2022-01-27,COK,104.0
2022-01-27,MAA,351.0
2022-01-27,SBD,71.5
2022-01-27,VJW,326.0
2022-01-28,BLR,192.0
2022-01-28,COK,90.0
2022-01-28,MAA,177.0
2022-01-28,SBD,194.0
2022-01-28,VJW,78.0
2022-01-29,BLR,246.0
2022-01-29,COK,205.0
2022-01-29,MAA,251.0
2022-01-29,SBD,68.0
2022-01-29,VJW,20.0
2022-01-30,MAA,83.0
2022-01-31,BLR,728.0
2022-01-31,COK,256.0
2022-01-31,MAA,294.0
2022-01-31,SBD,38.5
2022-01-31,VJW,4.0
2022-02-02,MAA,1.0
2022-02-02,SBD,26.0
2022-02-03,BLR,2.0
2022-02-03,COK,31.0
2022-02-03,MAA,60.0
2022-02-04,BLR,7.0
2022-02-04,COK,20.0
2022-02-04,MAA,19.0
2022-02-04,SBD,255.0
2022-02-04,VJW,15.0
2022-02-05,COK,8.0
2022-02-05,SBD,6.0
2022-02-07,BLR,9.0
2022-02-07,COK,37.0
2022-02-07,MAA,115.0
2022-02-07,SBD,227.0
2022-02-07,VJW,55.0
2022-02-08,BLR,32.0
2022-02-08,COK,33.0
2022-02-08,MAA,66.0
2022-02-08,SBD,143.0
2022-02-08,VJW,10.0
2022-02-09,BLR,6.0
2022-02-09,COK,67.0
2022-02-09,MAA,210.0
2022-02-09,SBD,18.0
2022-02-09,VJW,9.0
2022-02-10,BLR,17.5
2022-02-10,COK,1.0
2022-02-10,MAA,7.0
2022-02-10,SBD,214.0
2022-02-10,VJW,96.0
2022-02-11,BLR,74.0
2022-02-11,COK,109.0
2022-02-11,MAA,109.0
2022-02-11,SBD,123.5
2022-02-11,VJW,49.5
2022-02-12,BLR,2.0
2022-02-12,COK,25.0
2022-02-12,MAA,12.0
2022-02-12,VJW,24.0
2022-02-14,BLR,132.0
2022-02-14,COK,120.0
2022-02-14,MAA,148.0
2022-02-14,SBD,40.0
2022-02-14,VJW,69.0
2022-02-15,BLR,59.0
2022-02-15,COK,54.0
2022-02-15,MAA,43.0
2022-02-15,SBD,83.0
2022-02-15,VJW,78.0
2022-02-16,BLR,112.0
2022-02-16,COK,111.0
2022-02-16,MAA,220.0
2022-02-16,SBD,323.0
2022-02-16,VJW,93.0
2022-02-17,BLR,89.0
2022-02-17,COK,57.0
2022-02-17,MAA,75.0
2022-02-17,SBD,136.0
2022-02-17,VJW,2.0
2022-02-18,BLR,17.0
2022-02-18,COK,33.0
2022-02-18,MAA,571.0
2022-02-18,SBD,77.0
2022-02-18,VJW,5.0
2022-02-19,BLR,42.5
2022-02-19,COK,110.0
2022-02-19,MAA,155.0
2022-02-19,SBD,323.0
2022-02-21,BLR,129.0
2022-02-21,COK,126.5
2022-02-21,MAA,278.0
2022-02-21,SBD,107.0
2022-02-21,VJW,73.0
2022-02-22,BLR,158.0
2022-02-22,COK,65.0
2022-02-22,MAA,255.0
2022-02-22,SBD,624.0
2022-02-22,VJW,6.0
2022-02-23,BLR,25.0
2022-02-23,COK,159.0
2022-02-23,MAA,152.0
2022-02-23,SBD,728.0
2022-02-23,VJW,229.0
2022-02-24,BLR,380.0
2022-02-24,COK,374.0
2022-02-24,MAA,478.0
2022-02-24,SBD,324.0
2022-02-24,VJW,363.0
2022-02-25,BLR,394.0
2022-02-25,COK,127.0
2022-02-25,MAA,879.0
2022-02-25,SBD,715.0
2022-02-25,VJW,308.0
2022-02-26,BLR,256.0
2022-02-26,COK,370.0
2022-02-26,MAA,1118.5
2022-02-26,SBD,220.0
2022-02-26,VJW,80.0
2022-02-27,BLR,97.0
2022-02-27,COK,507.0
2022-02-27,MAA,1936.0
2022-02-27,SBD,249.0
2022-02-27,VJW,21.0
2022-02-28,BLR,1568.0
2022-02-28,COK,298.5
2022-02-28,MAA,1477.0
2022-02-28,SBD,1617.0
2022-02-28,VJW,1293.0
2022-03-01,SBD,302.0
2022-03-02,BLR,4.0
2022-03-02,MAA,1.0
2022-03-02,SBD,127.0
2022-03-03,BLR,33.5
2022-03-03,COK,143.0
2022-03-03,MAA,12.0
2022-03-03,SBD,330.5
2022-03-03,VJW,12.0
2022-03-04,BLR,40.5
2022-03-04,COK,62.0
2022-03-04,MAA,223.5
2022-03-04,SBD,177.0
2022-03-04,VJW,47.0
2022-03-05,BLR,19.0
2022-03-05,COK,57.0
2022-03-05,MAA,168.0
2022-03-05,SBD,91.0
2022-03-05,VJW,8.0
2022-03-07,BLR,109.0
2022-03-07,COK,23.0
2022-03-07,MAA,123.0
2022-03-07,SBD,726.0
2022-03-07,VJW,1.5
2022-03-08,BLR,9.0
2022-03-08,COK,65.0
2022-03-08,MAA,188.0
2022-03-08,SBD,268.0
2022-03-08,VJW,126.0
2022-03-09,BLR,257.5
2022-03-09,COK,58.0
2022-03-09,MAA,93.0
2022-03-09,SBD,154.0
2022-03-09,VJW,9.0
2022-03-10,BLR,53.5
2022-03-10,COK,107.0
2022-03-10,MAA,162.0
2022-03-10,SBD,195.0
2022-03-10,VJW,55.0
2022-03-11,BLR,86.0
2022-03-11,COK,112.0
2022-03-11,MAA,229.0
2022-03-11,SBD,557.0
2022-03-11,VJW,216.0
2022-03-12,BLR,264.0
2022-03-12,COK,22.0
2022-03-12,MAA,150.0
2022-03-12,SBD,106.0
2022-03-14,BLR,118.5
2022-03-14,COK,369.0
2022-03-14,MAA,56.5
2022-03-14,SBD,108.0
2022-03-14,VJW,404.0
2022-03-15,BLR,165.0
2022-03-15,COK,126.0
2022-03-15,MAA,260.0
2022-03-15,SBD,503.0
2022-03-15,VJW,493.0
2022-03-16,BLR,315.0
2022-03-16,COK,138.0
2022-03-16,MAA,272.0
2022-03-16,SBD,656.0
2022-03-16,VJW,220.0
2022-03-17,BLR,495.0
2022-03-17,COK,98.0
2022-03-17,MAA,22.0
2022-03-17,SBD,446.0
2022-03-17,VJW,144.0
2022-03-18,BLR,125.0
2022-03-18,COK,126.0
2022-03-18,MAA,145.0
2022-03-19,BLR,174.0
2022-03-19,SBD,75.0
2022-03-19,VJW,121.0
2022-03-20,BLR,241.0
2022-03-20,MAA,370.0
2022-03-20,SBD,161.0
2022-03-21,BLR,221.0
2022-03-21,COK,750.0
2022-03-21,MAA,143.0
2022-03-21,SBD,384.0
2022-03-21,VJW,507.0
2022-03-22,BLR,390.0
2022-03-22,COK,151.0
2022-03-22,MAA,714.0
2022-03-22,SBD,445.0
2022-03-22,VJW,1732.0
2022-03-23,BLR,616.5
2022-03-23,COK,190.0
2022-03-23,MAA,1510.0
2022-03-23,SBD,665.0
2022-03-23,VJW,366.0
2022-03-24,BLR,350.0
2022-03-24,COK,177.0
2022-03-24,MAA,2620.0
2022-03-24,SBD,280.0
2022-03-24,VJW,475.0
2022-03-25,BLR,1154.0
2022-03-25,COK,602.0
2022-03-25,MAA,2457.0
2022-03-25,SBD,895.0
2022-03-25,VJW,292.0
2022-03-26,BLR,520.0
2022-03-26,COK,925.0
2022-03-26,MAA,300.0
2022-03-26,SBD,572.0
2022-03-26,VJW,294.0
2022-03-27,COK,1.0
2022-03-27,MAA,4.0
2022-03-27,SBD,428.0
2022-03-28,BLR,2.0
2022-03-28,COK,3.0
2022-03-28,MAA,51.0
2022-03-28,SBD,56.0
2022-03-28,VJW,1.0
2022-03-29,COK,3.0
2022-03-29,MAA,83.0
2022-03-29,SBD,78.0
2022-03-30,SBD,11.0
2022-03-30,VJW,9.0
2022-04-01,VJW,642.0
2022-04-02,SBD,614.0
2022-04-02,VJW,323.0
2022-04-03,MAA,463.0
2022-04-03,SBD,490.0
2022-04-03,VJW,39.0
2022-04-04,BLR,15.0
2022-04-04,MAA,925.0
2022-04-04,SBD,785.0
2022-04-04,VJW,143.0
2022-04-05,BLR,99.0
2022-04-05,COK,95.0
2022-04-05,MAA,591.5
2022-04-05,SBD,288.0
2022-04-05,VJW,70.5
2022-04-06,BLR,25.0
2022-04-06,COK,51.0
2022-04-06,MAA,589.0
2022-04-06,SBD,449.0
2022-04-06,VJW,347.0
2022-04-07,BLR,90.0
2022-04-07,COK,43.0
2022-04-07,MAA,677.0
2022-04-07,SBD,463.0
2022-04-07,VJW,61.0
2022-04-08,BLR,218.0
2022-04-08,COK,103.0
2022-04-08,MAA,623.0
2022-04-08,SBD,718.0
2022-04-08,VJW,102.0
2022-04-09,BLR,30.0
2022-04-09,COK,47.0
2022-04-09,MAA,1139.0
2022-04-09,SBD,646.0
2022-04-09,VJW,10.0
2022-04-10,MAA,565.0
2022-04-11,BLR,7.0
2022-04-11,COK,74.0
2022-04-11,MAA,780.5
2022-04-11,SBD,600.0
2022-04-11,VJW,87.0
2022-04-12,BLR,40.0
2022-04-12,COK,203.0
2022-04-12,MAA,353.0
2022-04-12,SBD,704.0
2022-04-12,VJW,163.0
2022-04-13,BLR,31.0
2022-04-13,COK,33.0
2022-04-13,MAA,460.0
2022-04-13,SBD,477.0
2022-04-13,VJW,187.0
2022-04-14,BLR,157.0
2022-04-14,COK,60.0
2022-04-14,MAA,332.0
2022-04-14,SBD,200.0
2022-04-14,VJW,87.0
2022-04-15,BLR,43.0
2022-04-15,MAA,1123.0
2022-04-15,SBD,386.0
2022-04-15,VJW,283.0
2022-04-16,BLR,3.0
2022-04-16,COK,21.0
2022-04-16,MAA,1266.0
2022-04-16,SBD,331.0
2022-04-16,VJW,170.0
2022-04-18,BLR,147.0
2022-04-18,COK,91.0
2022-04-18,MAA,224.0
2022-04-18,SBD,115.0
2022-04-18,VJW,128.5
2022-04-19,BLR,202.0
2022-04-19,COK,50.0
2022-04-19,MAA,702.0
2022-04-19,SBD,293.0
2022-04-19,VJW,64.0
2022-04-20,BLR,204.0
2022-04-20,COK,189.0
2022-04-20,MAA,691.0
2022-04-20,SBD,413.0
2022-04-20,VJW,305.0
2022-04-21,BLR,70.0
2022-04-21,COK,22.0
2022-04-21,MAA,680.0
2022-04-21,SBD,436.0
2022-04-21,VJW,73.0
2022-04-22,BLR,52.0
2022-04-22,COK,54.0
2022-04-22,MAA,1550.0
2022-04-22,SBD,573.0
2022-04-22,VJW,89.5
2022-04-23,BLR,101.0
2022-04-23,COK,14.0
2022-04-23,MAA,521.0
2022-04-23,SBD,153.0
2022-04-23,VJW,93.0
2022-04-24,MAA,235.0
2022-04-24,SBD,98.0
2022-04-25,BLR,291.0
2022-04-25,COK,47.0
2022-04-25,MAA,633.5
2022-04-25,SBD,298.0
2022-04-25,VJW,211.0
2022-04-26,BLR,81.0
2022-04-26,COK,128.0
2022-04-26,MAA,393.0
2022-04-26,SBD,355.0
2022-04-26,VJW,287.5
2022-04-27,BLR,143.0
2022-04-27,COK,36.0
2022-04-27,MAA,309.0
2022-04-27,SBD,241.0
2022-04-27,VJW,133.0
2022-04-28,BLR,35.0
2022-04-28,COK,26.0
2022-04-28,MAA,878.0
2022-04-28,SBD,70.0
2022-04-28,VJW,151.0
2022-04-29,BLR,136.0
2022-04-29,COK,12.0
2022-04-29,MAA,2419.0
2022-04-29,SBD,1078.0
2022-04-29,VJW,219.0
2022-04-30,BLR,321.0
2022-04-30,COK,26.0
2022-04-30,MAA,1343.0
2022-04-30,SBD,1633.0
2022-04-30,VJW,764.0
2022-05-02,MAA,100.0
2022-05-02,SBD,1.0
2022-05-02,VJW,6.0
2022-05-03,BLR,29.0
2022-05-03,SBD,20.0
2022-05-03,VJW,519.0
2022-05-04,BLR,110.0
2022-05-04,COK,20.0
2022-05-04,MAA,397.0
2022-05-04,SBD,76.0
2022-05-04,VJW,15.0
2022-05-05,BLR,13.0
2022-05-05,COK,81.0
2022-05-05,MAA,1.0
2022-05-05,SBD,403.0
2022-05-05,VJW,227.0
2022-05-06,BLR,153.0
2022-05-06,COK,170.0
2022-05-06,MAA,74.0
2022-05-06,SBD,121.0
2022-05-06,VJW,94.0
2022-05-07,BLR,10.0
2022-05-07,COK,29.0
2022-05-07,MAA,159.0
2022-05-07,SBD,116.5
2022-05-07,VJW,24.0
2022-05-09,BLR,80.0
2022-05-09,COK,84.0
2022-05-09,MAA,406.0
2022-05-09,SBD,60.0
2022-05-09,VJW,149.0
2022-05-10,BLR,64.0
2022-05-10,COK,18.0
2022-05-10,MAA,194.5
2022-05-10,SBD,217.0
2022-05-10,VJW,16.0
2022-05-11,BLR,144.0
2022-05-11,COK,47.0
2022-05-11,MAA,346.0
2022-05-11,SBD,47.0
2022-05-11,VJW,54.0
2022-05-12,BLR,13.5
2022-05-12,COK,29.0
2022-05-12,MAA,206.0
2022-05-12,SBD,66.0
2022-05-12,VJW,425.0
2022-05-13,BLR,397.0
2022-05-13,COK,34.0
2022-05-13,MAA,93.0
2022-05-13,SBD,129.5
2022-05-13,VJW,94.0
2022-05-14,BLR,172.5
2022-05-14,COK,14.0
2022-05-14,MAA,107.0
2022-05-14,SBD,165.0
2022-05-14,VJW,53.5
2022-05-16,BLR,15.0
2022-05-16,COK,12.0
2022-05-16,MAA,145.5
2022-05-16,SBD,103.0
2022-05-16,VJW,80.0
2022-05-17,BLR,255.0
2022-05-17,COK,28.0
2022-05-17,MAA,221.5
2022-05-17,SBD,66.0
2022-05-17,VJW,15.5
2022-05-18,BLR,153.0
2022-05-18,COK,37.5
2022-05-18,MAA,215.0
2022-05-18,SBD,263.0
2022-05-18,VJW,17.0
2022-05-19,BLR,47.0
2022-05-19,COK,55.0
2022-05-19,MAA,813.0
2022-05-19,SBD,313.0
2022-05-19,VJW,94.5
2022-05-20,BLR,64.0
2022-05-20,COK,92.0
2022-05-20,MAA,706.0
2022-05-20,SBD,503.0
2022-05-20,VJW,12.0
2022-05-21,BLR,54.0
2022-05-21,COK,11.0
2022-05-21,MAA,336.0
2022-05-21,SBD,208.0
2022-05-21,VJW,143.0
2022-05-23,BLR,46.0
2022-05-23,COK,38.0
2022-05-23,MAA,346.0
2022-05-23,SBD,4.0
2022-05-23,VJW,67.0
2022-05-24,BLR,166.0
2022-05-24,COK,20.0
2022-05-24,MAA,220.0
2022-05-24,SBD,337.0
2022-05-24,VJW,97.0
2022-05-25,BLR,46.0
2022-05-25,COK,29.0
2022-05-25,MAA,231.0
2022-05-25,SBD,188.0
2022-05-25,VJW,87.0
2022-05-26,BLR,107.0
2022-05-26,COK,72.0
2022-05-26,MAA,358.0
2022-05-26,SBD,304.0
2022-05-26,VJW,72.0
2022-05-27,BLR,29.5
2022-05-27,COK,10.0
2022-05-27,MAA,1096.0
2022-05-27,SBD,361.0
2022-05-27,VJW,55.0
2022-05-28,BLR,148.0
2022-05-28,COK,41.0
2022-05-28,MAA,521.0
2022-05-28,SBD,171.0
2022-05-28,VJW,189.0
2022-05-29,MAA,51.0
2022-05-29,VJW,38.0
2022-05-30,BLR,298.0
2022-05-30,COK,74.5
2022-05-30,MAA,1060.0
2022-05-30,SBD,4.0
2022-05-30,VJW,565.0
2022-05-31,BLR,167.0
2022-05-31,COK,18.0
2022-05-31,MAA,889.0
2022-05-31,SBD,621.0
2022-05-31,VJW,419.0
2022-06-02,BLR,1.0
2022-06-02,MAA,1.0
2022-06-03,BLR,5.0
2022-06-03,COK,78.0
2022-06-03,SBD,29.0
2022-06-03,VJW,20.0
2022-06-04,BLR,13.0
2022-06-04,COK,8.0
2022-06-04,SBD,45.0
2022-06-06,BLR,6.0
2022-06-06,COK,2.0
2022-06-06,MAA,105.5
2022-06-06,SBD,62.0
2022-06-06,VJW,22.0
2022-06-07,BLR,44.0
2022-06-07,COK,86.0
2022-06-07,MAA,85.0
2022-06-07,VJW,34.0
2022-06-08,BLR,26.0
2022-06-08,COK,31.0
2022-06-08,MAA,93.0
2022-06-08,SBD,10.0
2022-06-09,BLR,3.0
2022-06-09,MAA,119.0
2022-06-09,SBD,199.5
2022-06-09,VJW,74.0
2022-06-10,BLR,5.5
2022-06-10,COK,53.0
2022-06-10,MAA,64.0
2022-06-10,SBD,20.0
2022-06-10,VJW,5.0
2022-06-11,BLR,13.0
2022-06-11,COK,2.0
2022-06-11,MAA,21.0
2022-06-11,SBD,142.0
2022-06-11,VJW,7.0
2022-06-13,BLR,8.0
2022-06-13,COK,9.0
2022-06-13,MAA,241.0
2022-06-13,SBD,48.0
2022-06-13,VJW,52.0
2022-06-14,BLR,82.5
2022-06-14,COK,37.0
2022-06-14,MAA,215.0
2022-06-14,SBD,68.0
2022-06-14,VJW,22.0
2022-06-15,BLR,17.0
2022-06-15,COK,16.0
2022-06-15,MAA,65.0
2022-06-15,SBD,106.0
2022-06-15,VJW,103.0
2022-06-16,BLR,71.0
2022-06-16,COK,62.0
2022-06-16,MAA,189.0
2022-06-16,SBD,202.0
2022-06-16,VJW,410.0
2022-06-17,BLR,62.0
2022-06-17,COK,102.0
2022-06-17,MAA,178.0
2022-06-17,SBD,154.0
2022-06-17,VJW,150.0
2022-06-18,BLR,16.0
2022-06-18,COK,267.0
2022-06-18,MAA,74.0
2022-06-18,SBD,271.0
2022-06-19,MAA,135.0
2022-06-20,BLR,25.0
2022-06-20,COK,51.0
2022-06-20,MAA,63.0
2022-06-20,SBD,122.0
2022-06-20,VJW,105.0
2022-06-21,BLR,43.0
2022-06-21,COK,42.0
2022-06-21,MAA,444.0
2022-06-21,SBD,25.5
2022-06-21,VJW,131.0
2022-06-22,BLR,26.0
2022-06-22,COK,158.0
2022-06-22,MAA,49.0
2022-06-22,SBD,257.0
2022-06-22,VJW,61.0
2022-06-23,BLR,33.0
2022-06-23,COK,63.0
2022-06-23,MAA,294.0
2022-06-23,SBD,325.0
2022-06-23,VJW,175.0
2022-06-24,BLR,117.5
2022-06-24,COK,29.0
2022-06-24,MAA,351.0
2022-06-24,SBD,82.0
2022-06-24,VJW,200.0
2022-06-25,BLR,88.0
2022-06-25,COK,20.0
2022-06-25,MAA,909.0
2022-06-25,SBD,6.0
2022-06-25,VJW,168.0
2022-06-26,BLR,65.0
2022-06-26,MAA,140.0
2022-06-26,SBD,56.0
2022-06-27,BLR,158.5
2022-06-27,COK,163.0
2022-06-27,MAA,588.0
2022-06-27,SBD,148.0
2022-06-27,VJW,32.0
2022-06-28,BLR,175.0
2022-06-28,COK,88.0
2022-06-28,MAA,409.0
2022-06-28,SBD,373.0
2022-06-28,VJW,258.0
2022-06-29,BLR,214.0
2022-06-29,COK,7.0
2022-06-29,MAA,1041.5
2022-06-29,SBD,219.0
2022-06-29,VJW,203.5
2022-06-30,BLR,370.0
2022-06-30,COK,236.5
2022-06-30,MAA,411.0
2022-06-30,SBD,806.0
2022-06-30,VJW,124.0
2022-07-04,BLR,5.0
2022-07-05,BLR,8.0
2022-07-05,VJW,1.0
2022-07-06,BLR,4.0
2022-07-06,COK,15.0
2022-07-06,MAA,28.0
2022-07-06,SBD,64.0
2022-07-07,BLR,26.0
2022-07-07,COK,17.0
2022-07-07,MAA,35.0
2022-07-07,SBD,25.0
2022-07-07,VJW,6.0
2022-07-08,BLR,12.0
2022-07-08,COK,11.0
2022-07-08,MAA,132.0
2022-07-08,SBD,5.0
2022-07-08,VJW,7.0
2022-07-09,BLR,2.0
2022-07-09,COK,2.0
2022-07-09,MAA,5.0
2022-07-11,BLR,18.0
2022-07-11,COK,4.0
2022-07-11,MAA,8.0
2022-07-11,SBD,1.0
2022-07-12,BLR,9.0
2022-07-12,COK,35.0
2022-07-12,MAA,77.0
2022-07-12,SBD,5.0
2022-07-13,BLR,9.0
2022-07-13,COK,59.0
2022-07-13,MAA,51.0
2022-07-13,VJW,0.5
2022-07-14,BLR,32.0
2022-07-14,COK,28.0
2022-07-14,MAA,7.0
2022-07-14,SBD,217.0
2022-07-14,VJW,30.0
2022-07-15,BLR,76.0
2022-07-15,COK,7.0
2022-07-15,MAA,346.0
2022-07-15,SBD,20.0
2022-07-16,COK,406.0
2022-07-16,MAA,43.0
2022-07-16,SBD,60.0
2022-07-18,BLR,10.5
2022-07-18,COK,29.0
2022-07-18,MAA,121.0
2022-07-18,SBD,90.0
2022-07-18,VJW,10.0
2022-07-19,BLR,13.0
2022-07-19,COK,64.0
2022-07-19,MAA,314.0
2022-07-19,SBD,154.0
2022-07-19,VJW,20.0
2022-07-20,BLR,35.5
2022-07-20,COK,7.0
2022-07-20,MAA,127.0
2022-07-20,SBD,14.5
2022-07-20,VJW,75.0
2022-07-21,BLR,37.0
2022-07-21,COK,26.0
2022-07-21,MAA,239.0
2022-07-21,VJW,15.0
2022-07-22,BLR,5.0
2022-07-22,COK,23.0
2022-07-22,MAA,296.0
2022-07-22,SBD,42.0
2022-07-22,VJW,41.0
2022-07-23,BLR,1.5
2022-07-23,COK,4.0
2022-07-23,MAA,166.0
2022-07-23,SBD,67.0
2022-07-23,VJW,11.0
2022-07-25,BLR,81.0
2022-07-25,COK,58.0
2022-07-25,MAA,255.5
2022-07-25,SBD,14.0
2022-07-25,VJW,39.0
2022-07-26,BLR,122.5
2022-07-26,COK,47.0
2022-07-26,MAA,101.0
2022-07-26,SBD,104.0
2022-07-26,VJW,49.0
2022-07-27,BLR,111.0
2022-07-27,COK,49.0
2022-07-27,MAA,85.0
2022-07-27,SBD,66.0
2022-07-27,VJW,25.0
2022-07-28,BLR,79.5
2022-07-28,COK,120.0
2022-07-28,MAA,106.0
2022-07-28,SBD,123.0
2022-07-28,VJW,67.0
2022-07-29,BLR,232.0
2022-07-29,COK,18.0
2022-07-29,MAA,503.0
2022-07-29,SBD,338.0
2022-07-29,VJW,61.0
2022-07-30,BLR,385.0
2022-07-30,COK,33.0
2022-07-30,MAA,987.0
2022-07-30,SBD,709.0
2022-07-30,VJW,617.0
2022-07-31,BLR,131.0
2022-07-31,MAA,57.0
2022-07-31,SBD,8.0
2022-07-31,VJW,56.0
2022-08-02,COK,3.0
2022-08-03,BLR,4.0
2022-08-03,COK,7.0
2022-08-03,MAA,1.0
2022-08-04,BLR,1.0
2022-08-04,COK,1.0
2022-08-04,MAA,14.0
2022-08-04,SBD,66.5
2022-08-04,VJW,1.0
2022-08-05,BLR,7.0
2022-08-05,COK,4.0
2022-08-05,MAA,35.0
2022-08-05,SBD,154.0
2022-08-05,VJW,1.0
2022-08-06,MAA,3.0
2022-08-06,SBD,29.0
2022-08-06,VJW,21.0
2022-08-08,BLR,45.0
2022-08-08,COK,5.0
2022-08-08,MAA,37.0
2022-08-08,SBD,1.0
2022-08-08,VJW,0.5
2022-08-09,BLR,8.0
2022-08-09,COK,3.0
2022-08-09,MAA,200.0
2022-08-09,SBD,5.0
2022-08-09,VJW,23.0
2022-08-10,BLR,23.0
2022-08-10,COK,14.0
2022-08-10,MAA,181.0
2022-08-10,SBD,68.0
2022-08-10,VJW,4.0
2022-08-11,BLR,37.0
2022-08-11,COK,23.0
2022-08-11,MAA,39.0
2022-08-12,BLR,17.0
2022-08-12,COK,14.0
2022-08-12,MAA,33.0
2022-08-12,SBD,82.0
2022-08-12,VJW,26.0
2022-08-13,BLR,19.0
2022-08-13,COK,5.0
2022-08-13,MAA,26.0
2022-08-13,SBD,63.0
2022-08-13,VJW,9.0
2022-08-14,SBD,25.0
2022-08-16,BLR,24.0
2022-08-16,COK,80.0
2022-08-16,MAA,296.0
2022-08-16,SBD,4.0
2022-08-16,VJW,84.0
2022-08-17,BLR,17.0
2022-08-17,COK,84.0
2022-08-17,MAA,267.0
2022-08-17,SBD,81.0
2022-08-17,VJW,38.0
2022-08-18,BLR,28.0
2022-08-18,COK,33.0
2022-08-18,MAA,155.0
2022-08-18,SBD,11.0
2022-08-18,VJW,9.0
2022-08-19,BLR,3.0
2022-08-19,COK,36.0
2022-08-19,MAA,205.0
2022-08-19,SBD,102.0
2022-08-19,VJW,3.0
2022-08-20,BLR,13.0
2022-08-20,COK,143.0
2022-08-20,MAA,43.0
2022-08-20,SBD,146.0
2022-08-20,VJW,1.0
2022-08-22,BLR,12.0
2022-08-22,COK,130.0
2022-08-22,MAA,126.5
2022-08-22,SBD,57.0
2022-08-22,VJW,88.0
2022-08-23,BLR,49.0
2022-08-23,COK,42.0
2022-08-23,MAA,309.0
2022-08-23,VJW,63.0
2022-08-24,BLR,17.0
2022-08-24,COK,165.0
2022-08-24,MAA,160.0
2022-08-24,SBD,119.0
2022-08-24,VJW,158.0
2022-08-25,BLR,64.0
2022-08-25,COK,183.0
2022-08-25,MAA,347.0
2022-08-25,SBD,51.0
2022-08-25,VJW,79.5
2022-08-26,BLR,175.0
2022-08-26,COK,170.0
2022-08-26,MAA,271.0
2022-08-26,SBD,108.5
2022-08-26,VJW,78.0
2022-08-27,BLR,58.5
2022-08-27,COK,8.0
2022-08-27,MAA,578.0
2022-08-27,SBD,16.0
2022-08-27,VJW,95.0
2022-08-28,MAA,117.0
2022-08-29,BLR,56.0
2022-08-29,COK,22.0
2022-08-29,MAA,612.0
2022-08-29,SBD,117.0
2022-08-29,VJW,76.0
2022-08-30,BLR,361.0
2022-08-30,COK,53.0
2022-08-30,MAA,437.0
2022-08-30,SBD,543.0
2022-08-30,VJW,384.0
2022-08-31,COK,361.0
2022-08-31,MAA,23.0
2022-08-31,SBD,718.5
2022-08-31,VJW,249.0
2022-09-02,BLR,4.0
2022-09-03,COK,33.0
2022-09-03,VJW,11.0
2022-09-05,BLR,3.0
2022-09-05,COK,21.0
2022-09-05,MAA,140.0
2022-09-05,SBD,74.0
2022-09-06,BLR,2.0
2022-09-06,COK,32.0
2022-09-06,MAA,45.0
2022-09-06,SBD,30.0
2022-09-06,VJW,1.0
2022-09-07,BLR,18.0
2022-09-07,COK,2.0
2022-09-07,MAA,107.0
2022-09-08,BLR,0.5
2022-09-08,MAA,110.0
2022-09-08,SBD,180.0
2022-09-08,VJW,45.0
2022-09-09,BLR,8.0
2022-09-09,MAA,74.0
2022-09-09,SBD,277.0
2022-09-09,VJW,11.0
2022-09-10,COK,57.0
2022-09-10,MAA,100.0
2022-09-10,SBD,76.0
2022-09-11,MAA,100.0
2022-09-12,BLR,43.0
2022-09-12,COK,19.5
2022-09-12,MAA,18.0
2022-09-12,SBD,73.0
2022-09-12,VJW,22.0
2022-09-13,BLR,64.0
2022-09-13,COK,28.0
2022-09-13,MAA,112.0
2022-09-13,SBD,159.0
2022-09-13,VJW,16.0
2022-09-14,BLR,81.0
2022-09-14,COK,23.0
2022-09-14,MAA,118.0
2022-09-14,SBD,83.0
2022-09-14,VJW,10.0
2022-09-15,BLR,45.0
2022-09-15,COK,21.0
2022-09-15,MAA,55.0
2022-09-15,SBD,28.0
2022-09-15,VJW,1.0
2022-09-16,BLR,40.0
2022-09-16,COK,32.0
2022-09-16,MAA,658.0
2022-09-16,SBD,84.0
2022-09-16,VJW,229.0
2022-09-17,BLR,40.0
2022-09-17,MAA,20.5
2022-09-17,SBD,14.0
2022-09-19,BLR,64.0
2022-09-19,COK,46.0
2022-09-19,MAA,237.5
2022-09-19,SBD,13.0
2022-09-19,VJW,30.0
2022-09-20,BLR,87.0
2022-09-20,COK,83.0
2022-09-20,MAA,245.0
2022-09-20,SBD,29.0
2022-09-20,VJW,17.0
2022-09-21,BLR,56.0
2022-09-21,COK,36.0
2022-09-21,MAA,108.0
2022-09-21,SBD,53.0
2022-09-21,VJW,335.0
2022-09-22,BLR,189.0
2022-09-22,COK,14.0
2022-09-22,MAA,100.0
2022-09-22,SBD,29.0
2022-09-22,VJW,93.0
2022-09-23,BLR,66.0
2022-09-23,COK,57.0
2022-09-23,MAA,399.0
2022-09-23,SBD,45.0
2022-09-23,VJW,19.0
2022-09-24,COK,55.0
2022-09-24,MAA,130.0
2022-09-24,SBD,30.0
2022-09-24,VJW,73.0
2022-09-25,MAA,126.0
2022-09-26,BLR,101.0
2022-09-26,COK,81.0
2022-09-26,MAA,84.0
2022-09-26,SBD,40.0
2022-09-26,VJW,10.0
2022-09-27,BLR,10.0
2022-09-27,COK,70.0
2022-09-27,MAA,450.0
2022-09-27,SBD,62.0
2022-09-27,VJW,57.0
2022-09-28,BLR,401.0
2022-09-28,COK,87.0
2022-09-28,MAA,1185.0
2022-09-28,SBD,235.0
2022-09-28,VJW,14.0
2022-09-29,BLR,223.5
2022-09-29,COK,140.0
2022-09-29,MAA,576.0
2022-09-29,SBD,653.0
2022-09-29,VJW,398.0
2022-09-30,BLR,463.0
2022-09-30,COK,473.0
2022-09-30,MAA,806.0
2022-09-30,SBD,525.0
2022-09-30,VJW,1087.0
2022-10-03,MAA,1.0
2022-10-04,BLR,1.0
2022-10-04,COK,2.0
2022-10-04,SBD,7.0
2022-10-04,VJW,18.0
2022-10-06,COK,28.0
2022-10-06,MAA,35.0
2022-10-06,SBD,117.0
2022-10-06,VJW,10.0
2022-10-07,BLR,19.0
2022-10-07,COK,36.0
2022-10-07,MAA,110.0
2022-10-07,SBD,56.0
2022-10-08,COK,10.0
2022-10-08,MAA,7.0
2022-10-10,BLR,2.0
2022-10-10,COK,1.0
2022-10-10,MAA,85.0
2022-10-10,SBD,85.0
2022-10-11,BLR,11.0
2022-10-11,COK,23.0
2022-10-11,MAA,117.0
2022-10-11,SBD,97.0
2022-10-11,VJW,114.0
2022-10-12,BLR,26.0
2022-10-12,COK,18.0
2022-10-12,MAA,38.0
2022-10-12,SBD,150.0
2022-10-12,VJW,20.0
2022-10-13,BLR,8.0
2022-10-13,COK,9.0
2022-10-13,MAA,116.5
2022-10-13,SBD,18.0
2022-10-13,VJW,128.0
2022-10-14,BLR,175.5
2022-10-14,COK,23.0
2022-10-14,MAA,276.0
2022-10-14,SBD,70.0
2022-10-15,COK,8.0
2022-10-15,MAA,12.0
2022-10-15,VJW,32.0
2022-10-17,BLR,5.0
2022-10-17,COK,8.5
2022-10-17,MAA,254.0
2022-10-17,SBD,42.0
2022-10-17,VJW,32.0
2022-10-18,BLR,1.5
2022-10-18,COK,49.5
2022-10-18,MAA,82.0
2022-10-18,SBD,108.0
2022-10-18,VJW,42.0
2022-10-19,BLR,28.0
2022-10-19,COK,27.5
2022-10-19,MAA,88.0
2022-10-19,SBD,96.5
2022-10-19,VJW,13.0
2022-10-20,BLR,40.0
2022-10-20,COK,24.0
2022-10-20,MAA,141.0
2022-10-20,SBD,221.5
2022-10-20,VJW,40.0
2022-10-21,BLR,81.0
2022-10-21,COK,17.0
2022-10-21,MAA,198.0
2022-10-21,SBD,16.0
2022-10-22,BLR,89.0
2022-10-22,COK,25.0
2022-10-22,MAA,20.0
2022-10-22,SBD,99.0
2022-10-22,VJW,15.0
2022-10-25,MAA,1.0
2022-10-25,VJW,3.0
2022-10-26,COK,95.0
2022-10-26,MAA,40.0
2022-10-26,SBD,76.0
2022-10-26,VJW,43.0
2022-10-27,BLR,25.0
2022-10-27,COK,41.0
2022-10-27,MAA,365.0
2022-10-27,SBD,139.0
2022-10-27,VJW,137.0
2022-10-28,BLR,122.5
2022-10-28,COK,59.5
2022-10-28,MAA,230.0
2022-10-28,SBD,240.0
2022-10-28,VJW,7.0
2022-10-29,BLR,338.0
2022-10-29,COK,37.0
2022-10-29,MAA,583.0
2022-10-29,SBD,239.0
2022-10-29,VJW,32.0
2022-10-30,BLR,17.0
2022-10-30,MAA,283.0
2022-10-30,SBD,45.5
2022-10-31,BLR,552.0
2022-10-31,COK,287.5
2022-10-31,MAA,924.0
2022-10-31,SBD,590.0
2022-10-31,VJW,930.0
2022-11-03,BLR,54.0
2022-11-03,COK,13.0
2022-11-03,SBD,5.0
2022-11-03,VJW,25.0
2022-11-04,COK,58.0
2022-11-04,MAA,32.0
2022-11-04,SBD,48.0
2022-11-04,VJW,17.0
2022-11-05,BLR,10.0
2022-11-05,MAA,13.0
2022-11-05,SBD,22.0
2022-11-05,VJW,20.0
2022-11-07,BLR,3.0
2022-11-07,COK,11.0
2022-11-07,MAA,24.0
2022-11-07,SBD,20.0
2022-11-07,VJW,15.0
2022-11-08,BLR,53.0
2022-11-08,COK,51.0
2022-11-08,MAA,89.5
2022-11-08,SBD,42.0
2022-11-08,VJW,18.0
2022-11-09,BLR,18.0
2022-11-09,COK,4.0
2022-11-09,MAA,47.0
2022-11-09,SBD,21.0
2022-11-09,VJW,6.0
2022-11-10,BLR,46.5
2022-11-10,COK,3.0
2022-11-10,MAA,70.5
2022-11-10,SBD,57.0
2022-11-10,VJW,7.0
2022-11-11,BLR,14.0
2022-11-11,COK,33.0
2022-11-11,MAA,168.0
2022-11-11,SBD,78.5
2022-11-11,VJW,4.0
2022-11-12,COK,7.0
2022-11-12,MAA,41.0
2022-11-12,SBD,33.0
2022-11-12,VJW,4.0
2022-11-14,BLR,16.0
2022-11-14,COK,35.0
2022-11-14,MAA,102.0
2022-11-14,SBD,33.0
2022-11-14,VJW,15.0
2022-11-15,BLR,7.0
2022-11-15,COK,116.5
2022-11-15,MAA,63.0
2022-11-15,SBD,117.5
2022-11-16,BLR,4.0
2022-11-16,COK,30.0
2022-11-16,MAA,38.0
2022-11-16,SBD,171.0
2022-11-16,VJW,3.0
2022-11-17,BLR,32.0
2022-11-17,COK,18.5
2022-11-17,MAA,62.0
2022-11-17,SBD,162.0
2022-11-17,VJW,21.0
2022-11-18,BLR,13.0
2022-11-18,COK,26.0
2022-11-18,MAA,20.0
2022-11-18,SBD,176.0
2022-11-18,VJW,21.0
2022-11-19,COK,38.0
2022-11-19,MAA,58.0
2022-11-19,SBD,200.0
2022-11-21,BLR,77.0
2022-11-21,COK,47.5
2022-11-21,MAA,36.0
2022-11-21,SBD,73.0
2022-11-21,VJW,35.0
2022-11-22,BLR,10.0
2022-11-22,COK,12.5
2022-11-22,MAA,170.5
2022-11-22,SBD,58.0
2022-11-22,VJW,19.0
2022-11-23,BLR,105.0
2022-11-23,COK,13.0
2022-11-23,MAA,77.0
2022-11-23,SBD,70.0
2022-11-23,VJW,58.0
2022-11-24,BLR,18.0
2022-11-24,COK,109.0
2022-11-24,MAA,65.0
2022-11-24,SBD,112.0
2022-11-24,VJW,25.0
2022-11-25,BLR,215.0
2022-11-25,COK,60.0
2022-11-25,MAA,257.0
2022-11-25,SBD,82.0
2022-11-25,VJW,29.0
2022-11-26,BLR,238.0
2022-11-26,COK,38.0
2022-11-26,MAA,136.0
2022-11-26,SBD,158.0
2022-11-26,VJW,133.0
2022-11-28,BLR,169.0
2022-11-28,COK,25.0
2022-11-28,MAA,289.0
2022-11-28,SBD,52.0
2022-11-28,VJW,55.0
2022-11-29,BLR,207.0
2022-11-29,COK,86.0
2022-11-29,MAA,609.0
2022-11-29,SBD,124.0
2022-11-29,VJW,87.0
2022-11-30,BLR,702.0
2022-11-30,COK,522.0
2022-11-30,MAA,1110.0
2022-11-30,SBD,639.0
2022-11-30,VJW,105.0
2022-12-01,VJW,6.0
2022-12-02,BLR,12.0
2022-12-02,MAA,1.0
2022-12-03,BLR,2.5
2022-12-03,SBD,12.0
2022-12-05,BLR,45.0
2022-12-05,COK,99.0
2022-12-05,MAA,1.0
2022-12-05,SBD,5.5
2022-12-06,BLR,18.0
2022-12-06,COK,81.0
2022-12-06,MAA,93.5
2022-12-06,SBD,5.0
2022-12-07,BLR,12.5
2022-12-07,COK,67.0
2022-12-07,MAA,55.0
2022-12-07,SBD,66.0
2022-12-07,VJW,36.0
2022-12-08,COK,91.5
2022-12-08,MAA,30.0
2022-12-08,SBD,336.0
2022-12-08,VJW,7.5
2022-12-09,BLR,22.0
2022-12-09,COK,38.0
2022-12-09,MAA,3.0
2022-12-09,SBD,19.0
2022-12-10,BLR,11.0
2022-12-10,COK,12.0
2022-12-10,MAA,118.5
2022-12-10,SBD,79.0
2022-12-10,VJW,3.5
2022-12-12,BLR,34.0
2022-12-12,COK,43.5
2022-12-12,MAA,26.0
2022-12-12,SBD,37.5
2022-12-12,VJW,7.0
2022-12-13,BLR,21.0
2022-12-13,COK,19.0
2022-12-13,MAA,40.0
2022-12-13,SBD,149.0
2022-12-13,VJW,15.0
2022-12-14,BLR,34.5
2022-12-14,COK,46.0
2022-12-14,MAA,8.0
2022-12-14,SBD,6.0
2022-12-14,VJW,8.0
2022-12-15,BLR,66.0
2022-12-15,COK,79.0
2022-12-15,MAA,65.0
2022-12-15,SBD,110.0
2022-12-15,VJW,71.5
2022-12-16,BLR,20.0
2022-12-16,COK,41.0
2022-12-16,MAA,113.0
2022-12-16,SBD,181.5
2022-12-16,VJW,36.0
2022-12-17,BLR,35.0
2022-12-17,COK,30.5
2022-12-17,MAA,301.0
2022-12-17,SBD,84.0
2022-12-17,VJW,19.0
2022-12-19,BLR,39.0
2022-12-19,COK,306.0
2022-12-19,MAA,440.0
2022-12-19,SBD,35.0
2022-12-19,VJW,23.0
2022-12-20,BLR,123.0
2022-12-20,COK,16.0
2022-12-20,MAA,454.0
2022-12-20,SBD,883.5
2022-12-20,VJW,352.0
2022-12-21,BLR,67.5
2022-12-21,COK,28.0
2022-12-21,MAA,231.5
2022-12-21,SBD,1607.0
2022-12-21,VJW,18.0
2022-12-22,BLR,37.0
2022-12-22,COK,174.0
2022-12-22,MAA,909.5
2022-12-22,SBD,482.0
2022-12-22,VJW,61.0
2022-12-23,BLR,312.0
2022-12-23,COK,91.0
2022-12-23,MAA,2059.0
2022-12-23,SBD,2594.0
2022-12-23,VJW,4.0
2022-12-24,BLR,159.0
2022-12-24,COK,147.0
2022-12-24,MAA,2165.0
2022-12-24,SBD,4714.0
2022-12-24,VJW,514.0
2022-12-25,MAA,51.0
2022-12-26,BLR,115.5
2022-12-26,COK,75.0
2022-12-26,MAA,1575.0
2022-12-26,SBD,1366.0
2022-12-26,VJW,518.0
2022-12-27,BLR,415.0
2022-12-27,COK,450.0
2022-12-27,MAA,1084.5
2022-12-27,SBD,1301.0
2022-12-27,VJW,126.5
2022-12-28,BLR,550.0
2022-12-28,COK,276.5
2022-12-28,MAA,937.0
2022-12-28,SBD,1226.0
2022-12-28,VJW,592.0
2022-12-29,BLR,414.0
2022-12-29,COK,86.5
2022-12-29,MAA,3163.0
2022-12-29,SBD,1242.5
2022-12-29,VJW,286.0
2022-12-30,BLR,684.0
2022-12-30,COK,241.5
2022-12-30,MAA,2703.0
2022-12-30,SBD,977.0
2022-12-30,VJW,258.0
2022-12-31,BLR,245.0
2022-12-31,COK,727.0
2022-12-31,MAA,1495.0
2022-12-31,SBD,506.0
2022-12-31,VJW,157.0
2023-01-03,BLR,1.5
2023-01-04,BLR,57.0
2023-01-04,MAA,1.0
2023-01-05,BLR,1.0
2023-01-05,MAA,2.0
2023-01-05,VJW,6.5
2023-01-06,BLR,15.0
2023-01-06,COK,5.0
2023-01-06,MAA,4.0
2023-01-06,SBD,391.0
2023-01-06,VJW,68.0
2023-01-07,BLR,22.0
2023-01-07,COK,47.0
2023-01-07,MAA,18.0
2023-01-09,BLR,73.0
2023-01-09,COK,10.5
2023-01-09,MAA,163.0
2023-01-09,SBD,208.0
2023-01-10,BLR,185.0
2023-01-10,COK,269.5
2023-01-10,MAA,157.5
2023-01-10,SBD,359.5
2023-01-10,VJW,5.0
2023-01-11,BLR,244.0
2023-01-11,MAA,263.0
2023-01-11,SBD,509.0
2023-01-11,VJW,148.0
2023-01-12,BLR,74.0
2023-01-12,MAA,163.0
2023-01-12,SBD,364.0
2023-01-12,VJW,256.0
2023-01-13,BLR,111.0
2023-01-13,COK,91.0
2023-01-13,MAA,137.0
2023-01-13,SBD,97.5
2023-01-13,VJW,684.0
2023-01-14,BLR,64.0
2023-01-14,COK,65.0
2023-01-14,MAA,382.5
2023-01-14,SBD,100.0
2023-01-14,VJW,120.0
2023-01-16,BLR,161.0
2023-01-16,COK,34.0
2023-01-17,BLR,80.0
2023-01-17,COK,8.0
2023-01-17,MAA,285.0
2023-01-17,SBD,151.0
2023-01-17,VJW,119.0
2023-01-18,BLR,93.5
2023-01-18,COK,22.0
2023-01-18,MAA,341.5
2023-01-18,SBD,530.0
2023-01-18,VJW,265.0
2023-01-19,BLR,75.0
2023-01-19,COK,16.0
2023-01-19,MAA,43.5
2023-01-19,SBD,393.0
2023-01-19,VJW,411.0
2023-01-20,BLR,154.0
2023-01-20,COK,88.0
2023-01-20,MAA,153.0
2023-01-20,SBD,331.0
2023-01-20,VJW,134.0
2023-01-21,BLR,84.0
2023-01-21,COK,4.0
2023-01-21,MAA,136.0
2023-01-21,SBD,271.0
2023-01-21,VJW,52.0
2023-01-22,MAA,100.0
2023-01-22,SBD,150.0
2023-01-23,BLR,40.0
2023-01-23,COK,17.0
2023-01-23,MAA,211.0
2023-01-23,SBD,321.0
2023-01-23,VJW,12.5
2023-01-24,BLR,89.0
2023-01-24,COK,5.0
2023-01-24,MAA,424.5
2023-01-24,SBD,576.0
2023-01-24,VJW,45.5
2023-01-25,BLR,48.5
2023-01-25,COK,21.0
2023-01-25,MAA,430.0
2023-01-25,SBD,316.5
2023-01-25,VJW,6.0
2023-01-26,MAA,40.0
2023-01-27,BLR,623.0
2023-01-27,COK,12.0
2023-01-27,MAA,525.5
2023-01-27,SBD,275.0
2023-01-27,VJW,329.5
2023-01-28,BLR,143.0
2023-01-28,COK,2.0
2023-01-28,MAA,19.0
2023-01-28,SBD,191.0
2023-01-28,VJW,13.0
2023-01-29,MAA,187.0
2023-01-29,SBD,145.0
2023-01-29,VJW,10.0
2023-01-30,BLR,92.0
2023-01-30,COK,64.5
2023-01-30,MAA,903.5
2023-01-30,SBD,92.0
2023-01-30,VJW,55.0
2023-01-31,BLR,645.5
2023-01-31,COK,981.5
2023-01-31,MAA,816.5
2023-01-31,SBD,780.0
2023-01-31,VJW,227.5
2023-02-02,BLR,8.5
2023-02-02,MAA,19.0
2023-02-03,BLR,15.0
2023-02-03,MAA,321.0
2023-02-03,SBD,273.0
2023-02-03,VJW,9.0
2023-02-04,BLR,3.5
2023-02-04,COK,15.0
2023-02-04,MAA,43.5
2023-02-04,SBD,282.5
2023-02-04,VJW,10.0
2023-02-06,BLR,30.0
2023-02-06,MAA,74.0
2023-02-06,SBD,402.0
2023-02-06,VJW,10.0
2023-02-07,BLR,25.5
2023-02-07,COK,20.0
2023-02-07,MAA,87.0
2023-02-07,SBD,132.0
2023-02-07,VJW,37.0
2023-02-08,BLR,56.5
2023-02-08,COK,2.0
2023-02-08,MAA,6.0
2023-02-08,SBD,172.0
2023-02-08,VJW,2.0
2023-02-09,BLR,43.0
2023-02-09,COK,7.0
2023-02-09,MAA,124.0
2023-02-09,SBD,120.0
2023-02-09,VJW,207.5
2023-02-10,BLR,73.0
2023-02-10,COK,19.0
2023-02-10,MAA,34.0
2023-02-10,SBD,155.5
2023-02-10,VJW,76.0
2023-02-11,BLR,15.0
2023-02-11,COK,191.0
2023-02-11,MAA,124.0
2023-02-11,SBD,6.0
2023-02-13,BLR,159.0
2023-02-13,COK,64.0
2023-02-13,MAA,131.0
2023-02-13,SBD,52.0
2023-02-13,VJW,57.0
2023-02-14,BLR,82.0
2023-02-14,COK,73.0
2023-02-14,MAA,369.0
2023-02-14,SBD,233.0
2023-02-14,VJW,666.5
2023-02-15,BLR,148.0
2023-02-15,COK,134.0
2023-02-15,MAA,676.5
2023-02-15,SBD,431.0
2023-02-15,VJW,311.0
2023-02-16,BLR,55.0
2023-02-16,COK,131.5
2023-02-16,MAA,215.0
2023-02-16,SBD,605.0
2023-02-16,VJW,415.5
2023-02-17,BLR,244.0
2023-02-17,COK,15.0
2023-02-17,MAA,299.0
2023-02-17,SBD,161.0
2023-02-17,VJW,70.0
2023-02-18,BLR,16.0
2023-02-18,COK,13.0
2023-02-18,MAA,102.0
2023-02-20,BLR,57.0
2023-02-20,COK,43.5
2023-02-20,MAA,92.0
2023-02-20,SBD,158.0
2023-02-20,VJW,127.0
2023-02-21,BLR,279.0
2023-02-21,COK,106.5
2023-02-21,MAA,191.5
2023-02-21,SBD,1649.0
2023-02-21,VJW,65.0
2023-02-22,BLR,167.0
2023-02-22,COK,58.0
2023-02-22,MAA,818.0
2023-02-22,SBD,1686.0
2023-02-22,VJW,84.0
2023-02-23,BLR,13.0
2023-02-23,COK,144.0
2023-02-23,MAA,447.0
2023-02-23,SBD,1123.0
2023-02-23,VJW,110.0
2023-02-24,BLR,54.0
2023-02-24,COK,100.5
2023-02-24,MAA,151.0
2023-02-24,SBD,788.0
2023-02-24,VJW,56.5
2023-02-25,BLR,108.5
2023-02-25,COK,19.0
2023-02-25,MAA,326.0
2023-02-25,SBD,1124.5
2023-02-25,VJW,520.0
2023-02-26,COK,33.0
2023-02-26,MAA,154.0
2023-02-26,SBD,83.0
2023-02-26,VJW,99.0
2023-02-27,BLR,963.5
2023-02-27,COK,105.0
2023-02-27,MAA,1403.0
2023-02-27,SBD,3104.0
2023-02-27,VJW,161.5
2023-02-28,BLR,1222.5
2023-02-28,COK,131.0
2023-02-28,MAA,2229.0
2023-02-28,SBD,2510.0
2023-02-28,VJW,1657.0
2023-03-02,BLR,8.0
2023-03-02,MAA,18.0
2023-03-02,SBD,58.0
2023-03-02,VJW,14.5
2023-03-03,BLR,5.0
2023-03-03,COK,348.0
2023-03-03,MAA,10.0
2023-03-03,SBD,327.0
2023-03-03,VJW,129.5
2023-03-04,BLR,179.0
2023-03-04,COK,36.0
2023-03-04,MAA,4.0
2023-03-04,SBD,211.0
2023-03-04,VJW,128.0
2023-03-05,SBD,390.0
2023-03-06,BLR,11.5
2023-03-06,COK,59.0
2023-03-06,MAA,85.0
2023-03-06,SBD,274.0
2023-03-06,VJW,29.0
2023-03-07,BLR,27.0
2023-03-07,COK,84.0
2023-03-07,MAA,296.0
2023-03-07,SBD,301.0
2023-03-07,VJW,73.0
2023-03-08,BLR,98.0
2023-03-08,COK,112.0
2023-03-08,MAA,75.0
2023-03-08,SBD,10.0
2023-03-08,VJW,196.0
2023-03-09,BLR,65.0
2023-03-09,COK,188.0
2023-03-09,MAA,554.0
2023-03-09,SBD,125.0
2023-03-09,VJW,58.5
2023-03-10,BLR,62.0
2023-03-10,COK,215.0
2023-03-10,MAA,807.0
2023-03-10,SBD,305.0
2023-03-10,VJW,152.0
2023-03-11,BLR,166.0
2023-03-11,COK,13.0
2023-03-11,MAA,147.0
2023-03-11,SBD,549.0
2023-03-11,VJW,75.0
2023-03-13,BLR,140.5
2023-03-13,COK,91.0
2023-03-13,MAA,63.0
2023-03-13,SBD,665.0
2023-03-13,VJW,278.0
2023-03-14,BLR,23.0
2023-03-14,COK,70.0
2023-03-14,MAA,276.0
2023-03-14,SBD,399.0
2023-03-14,VJW,227.0
2023-03-15,BLR,40.0
2023-03-15,COK,133.0
2023-03-15,MAA,184.0
2023-03-15,SBD,603.0
2023-03-15,VJW,371.0
2023-03-16,BLR,205.0
2023-03-16,COK,97.0
2023-03-16,MAA,126.0
2023-03-16,SBD,570.5
2023-03-16,VJW,497.5
2023-03-17,BLR,38.0
2023-03-17,COK,282.0
2023-03-17,MAA,101.0
2023-03-17,SBD,115.0
2023-03-17,VJW,372.0
2023-03-18,BLR,165.0
2023-03-18,COK,35.0
2023-03-18,MAA,65.0
2023-03-18,SBD,79.0
2023-03-18,VJW,133.0
2023-03-20,BLR,315.0
2023-03-20,COK,359.0
2023-03-20,MAA,591.5
2023-03-20,SBD,123.5
2023-03-20,VJW,212.5
2023-03-21,BLR,186.0
2023-03-21,COK,220.0
2023-03-21,MAA,462.0
2023-03-21,SBD,842.0
2023-03-21,VJW,187.0
2023-03-22,COK,205.0
2023-03-22,MAA,531.0
2023-03-22,SBD,135.0
2023-03-23,BLR,262.0
2023-03-23,COK,86.0
2023-03-23,MAA,101.0
2023-03-23,SBD,424.0
2023-03-23,VJW,368.0
2023-03-24,BLR,77.5
2023-03-24,COK,208.0
2023-03-24,MAA,351.0
2023-03-24,SBD,590.0
2023-03-24,VJW,248.0
2023-03-25,BLR,404.0
2023-03-25,COK,267.0
2023-03-25,MAA,598.0
2023-03-25,SBD,273.0
2023-03-25,VJW,285.0
2023-03-26,BLR,80.0
2023-03-26,COK,48.0
2023-03-26,MAA,63.0
2023-03-26,SBD,90.0
2023-03-26,VJW,28.0
2023-03-27,BLR,133.0
2023-03-27,COK,110.0
2023-03-27,MAA,582.0
2023-03-27,SBD,277.0
2023-03-27,VJW,87.0
2023-03-28,BLR,312.0
2023-03-28,COK,355.0
2023-03-28,MAA,3130.0
2023-03-28,SBD,225.0
2023-03-28,VJW,431.0
2023-03-29,BLR,777.0
2023-03-29,COK,182.0
2023-03-29,MAA,2062.0
2023-03-29,SBD,766.0
2023-03-29,VJW,339.0
2023-03-30,BLR,334.0
2023-03-30,COK,330.0
2023-03-30,MAA,1940.0
2023-03-30,SBD,841.0
2023-03-30,VJW,375.0
2023-03-31,MAA,792.0
2023-03-31,SBD,25.0
2023-03-31,VJW,71.0
2023-04-03,SBD,1.0
2023-04-04,MAA,1.0
2023-04-04,SBD,154.0
2023-04-05,COK,1.0
2023-04-05,MAA,80.0
2023-04-05,SBD,44.0
2023-04-05,VJW,70.0
2023-04-06,BLR,6.0
2023-04-06,COK,16.0
2023-04-06,MAA,487.0
2023-04-06,SBD,85.0
2023-04-06,VJW,13.0
2023-04-07,BLR,6.0
2023-04-07,MAA,444.0
2023-04-07,SBD,35.5
2023-04-07,VJW,22.0
2023-04-08,BLR,0.5
2023-04-08,COK,10.0
2023-04-08,MAA,38.0
2023-04-08,SBD,81.0
2023-04-08,VJW,60.0
2023-04-10,BLR,44.5
2023-04-10,COK,24.0
2023-04-10,MAA,127.0
2023-04-10,SBD,136.0
2023-04-10,VJW,57.5
2023-04-11,BLR,53.0
2023-04-11,COK,85.0
2023-04-11,MAA,210.5
2023-04-11,SBD,25.0
2023-04-11,VJW,140.0
2023-04-12,BLR,26.0
2023-04-12,COK,138.0
2023-04-12,MAA,92.0
2023-04-12,SBD,222.0
2023-04-12,VJW,239.0
2023-04-13,BLR,18.0
2023-04-13,COK,231.0
2023-04-13,MAA,651.0
2023-04-13,SBD,325.0
2023-04-13,VJW,118.0
2023-04-14,BLR,13.0
2023-04-14,COK,135.0
2023-04-14,SBD,157.0
2023-04-14,VJW,338.0
2023-04-15,BLR,50.0
2023-04-15,MAA,305.0
2023-04-15,SBD,405.0
2023-04-15,VJW,537.0
2023-04-16,MAA,67.0
2023-04-16,SBD,42.0
2023-04-16,VJW,649.0
2023-04-17,BLR,75.0
2023-04-17,COK,290.0
2023-04-17,MAA,232.0
2023-04-17,SBD,608.0
2023-04-17,VJW,715.0
2023-04-18,BLR,419.0
2023-04-18,COK,211.0
2023-04-18,MAA,396.0
2023-04-18,SBD,674.0
2023-04-18,VJW,661.0
2023-04-19,BLR,40.0
2023-04-19,COK,170.0
2023-04-19,MAA,397.0
2023-04-19,SBD,24.0
2023-04-19,VJW,470.0
2023-04-20,BLR,47.0
2023-04-20,COK,358.0
2023-04-20,MAA,583.0
2023-04-20,SBD,430.0
2023-04-20,VJW,464.0
2023-04-21,BLR,73.0
2023-04-21,COK,208.0
2023-04-21,MAA,689.0
2023-04-21,SBD,398.0
2023-04-21,VJW,652.0
2023-04-22,BLR,166.0
2023-04-22,COK,216.0
2023-04-22,MAA,503.0
2023-04-22,SBD,187.0
2023-04-22,VJW,314.0
2023-04-23,COK,26.0
2023-04-23,MAA,223.0
2023-04-23,SBD,73.0
2023-04-23,VJW,312.0
2023-04-24,BLR,57.0
2023-04-24,COK,186.0
2023-04-24,MAA,148.0
2023-04-24,SBD,340.0
2023-04-24,VJW,365.0
2023-04-25,BLR,409.0
2023-04-25,COK,191.0
2023-04-25,MAA,1084.0
2023-04-25,SBD,315.0
2023-04-25,VJW,139.0
2023-04-26,BLR,204.0
2023-04-26,COK,261.0
2023-04-26,MAA,1581.0
2023-04-26,SBD,527.0
2023-04-26,VJW,267.0
2023-04-27,BLR,380.0
2023-04-27,COK,409.0
2023-04-27,MAA,3001.0
2023-04-27,SBD,652.0
2023-04-27,VJW,904.0
2023-04-28,BLR,225.0
2023-04-28,COK,126.0
2023-04-28,MAA,2204.0
2023-04-28,SBD,213.0
2023-04-28,VJW,640.0
2023-04-29,BLR,438.0
2023-04-29,COK,230.0
2023-04-29,MAA,3436.0
2023-04-29,SBD,499.0
2023-04-29,VJW,530.0
2023-04-30,BLR,369.0
2023-04-30,COK,57.0
2023-04-30,MAA,2539.0
2023-04-30,SBD,495.0
2023-04-30,VJW,289.0
2023-05-01,MAA,75.0
2023-05-02,MAA,230.0
2023-05-02,SBD,50.0
2023-05-03,BLR,112.5
2023-05-03,COK,218.0
2023-05-03,MAA,136.0
2023-05-03,SBD,113.5
2023-05-03,VJW,1.0
2023-05-04,BLR,20.0
2023-05-04,COK,38.0
2023-05-04,MAA,69.0
2023-05-04,SBD,32.0
2023-05-04,VJW,339.0
2023-05-05,BLR,40.0
2023-05-05,COK,9.0
2023-05-05,MAA,89.5
2023-05-05,SBD,120.0
2023-05-05,VJW,150.0
2023-05-06,BLR,10.0
2023-05-06,COK,14.0
2023-05-06,MAA,11.0
2023-05-06,SBD,10.0
2023-05-08,BLR,10.0
2023-05-08,COK,18.0
2023-05-08,MAA,117.0
2023-05-08,SBD,382.0
2023-05-08,VJW,20.0
2023-05-09,BLR,128.0
2023-05-09,COK,14.0
2023-05-09,MAA,37.0
2023-05-09,SBD,262.5
2023-05-09,VJW,123.0
2023-05-10,COK,22.0
2023-05-10,MAA,110.0
2023-05-10,SBD,250.0
2023-05-10,VJW,131.0
2023-05-11,BLR,47.0
2023-05-11,COK,7.0
2023-05-11,MAA,235.0
2023-05-11,SBD,202.0
2023-05-12,BLR,23.0
2023-05-12,COK,33.0
2023-05-12,MAA,38.0
2023-05-12,SBD,84.0
2023-05-12,VJW,110.0
2023-05-13,COK,7.0
2023-05-13,MAA,3.0
2023-05-13,SBD,350.0
2023-05-13,VJW,56.5
2023-05-15,BLR,18.0
2023-05-15,COK,97.0
2023-05-15,MAA,35.0
2023-05-15,SBD,223.0
2023-05-15,VJW,146.0
2023-05-16,BLR,52.0
2023-05-16,COK,125.0
2023-05-16,MAA,92.0
2023-05-16,SBD,161.5
2023-05-16,VJW,573.0
2023-05-17,BLR,83.0
2023-05-17,COK,106.0
2023-05-17,MAA,97.5
2023-05-17,SBD,209.0
2023-05-17,VJW,108.0
2023-05-18,BLR,110.5
2023-05-18,COK,213.0
2023-05-18,MAA,319.0
2023-05-18,SBD,308.0
2023-05-18,VJW,267.0
2023-05-19,BLR,24.5
2023-05-19,COK,178.0
2023-05-19,MAA,600.0
2023-05-19,SBD,411.5
2023-05-19,VJW,500.0
2023-05-20,BLR,113.0
2023-05-20,COK,27.0
2023-05-20,MAA,230.0
2023-05-20,SBD,536.0
2023-05-20,VJW,511.0
2023-05-21,SBD,166.0
2023-05-21,VJW,949.0
2023-05-22,BLR,58.0
2023-05-22,COK,26.0
2023-05-22,MAA,684.0
2023-05-22,SBD,28.0
2023-05-22,VJW,208.0
2023-05-23,BLR,136.0
2023-05-23,COK,231.0
2023-05-23,MAA,335.0
2023-05-23,SBD,584.0
2023-05-23,VJW,54.0
2023-05-24,BLR,207.0
2023-05-24,COK,102.0
2023-05-24,MAA,659.0
2023-05-24,SBD,425.0
2023-05-24,VJW,158.0
2023-05-25,BLR,142.0
2023-05-25,COK,164.0
2023-05-25,MAA,593.0
2023-05-25,SBD,355.0
2023-05-25,VJW,756.0
2023-05-26,BLR,78.0
2023-05-26,COK,96.0
2023-05-26,MAA,491.0
2023-05-26,SBD,392.5
2023-05-26,VJW,417.0
2023-05-27,BLR,106.0
2023-05-27,COK,110.0
2023-05-27,MAA,140.0
2023-05-27,SBD,349.0
2023-05-27,VJW,235.0
2023-05-28,BLR,72.0
2023-05-28,SBD,40.0
2023-05-28,VJW,296.0
2023-05-29,BLR,196.0
2023-05-29,COK,148.0
2023-05-29,MAA,1524.0
2023-05-29,SBD,209.0
2023-05-29,VJW,160.0
2023-05-30,BLR,292.5
2023-05-30,COK,122.5
2023-05-30,MAA,3360.0
2023-05-30,SBD,538.0
2023-05-30,VJW,151.0
2023-05-31,BLR,545.0
2023-05-31,COK,239.5
2023-05-31,MAA,3208.0
2023-05-31,SBD,1099.0
2023-05-31,VJW,151.0
2023-06-02,COK,0.5
2023-06-02,MAA,1.0
2023-06-02,VJW,2.0
2023-06-03,MAA,19.0
2023-06-05,BLR,64.0
2023-06-05,COK,28.0
2023-06-05,MAA,409.0
2023-06-05,SBD,82.0
2023-06-05,VJW,60.0
2023-06-06,BLR,17.0
2023-06-06,COK,26.0
2023-06-06,MAA,85.0
2023-06-06,SBD,65.0
2023-06-06,VJW,130.0
2023-06-07,BLR,64.0
2023-06-07,COK,17.0
2023-06-07,SBD,176.0
2023-06-07,VJW,100.0
2023-06-08,BLR,15.0
2023-06-08,COK,6.0
2023-06-08,MAA,233.0
2023-06-08,SBD,79.0
2023-06-08,VJW,728.0
2023-06-09,BLR,37.0
2023-06-09,COK,60.0
2023-06-09,MAA,441.0
2023-06-09,SBD,120.0
2023-06-09,VJW,434.0
2023-06-10,BLR,11.0
2023-06-10,COK,32.0
2023-06-10,MAA,92.0
2023-06-10,SBD,20.0
2023-06-10,VJW,82.0
2023-06-12,BLR,37.0
2023-06-12,COK,25.0
2023-06-12,MAA,168.0
2023-06-12,SBD,150.0
2023-06-12,VJW,221.0
2023-06-13,BLR,48.0
2023-06-13,COK,20.5
2023-06-13,MAA,314.0
2023-06-13,SBD,249.0
2023-06-13,VJW,178.0
2023-06-14,BLR,72.5
2023-06-14,COK,54.5
2023-06-14,MAA,74.0
2023-06-14,SBD,206.0
2023-06-14,VJW,221.0
2023-06-15,BLR,79.0
2023-06-15,COK,5.0
2023-06-15,MAA,385.0
2023-06-15,SBD,161.0
2023-06-15,VJW,241.0
2023-06-16,BLR,84.0
2023-06-16,COK,13.0
2023-06-16,MAA,251.0
2023-06-16,SBD,159.0
2023-06-16,VJW,490.0
2023-06-17,BLR,83.0
2023-06-17,COK,31.0
2023-06-17,MAA,393.0
2023-06-17,SBD,386.0
2023-06-17,VJW,87.0
2023-06-18,SBD,50.0
2023-06-18,VJW,616.0
2023-06-19,BLR,41.0
2023-06-19,COK,9.0
2023-06-19,MAA,204.0
2023-06-19,SBD,108.0
2023-06-19,VJW,7.0
2023-06-20,BLR,94.5
2023-06-20,COK,43.0
2023-06-20,MAA,616.0
2023-06-20,SBD,287.0
2023-06-20,VJW,48.0
2023-06-21,BLR,142.0
2023-06-21,COK,19.0
2023-06-21,MAA,206.0
2023-06-21,SBD,235.0
2023-06-21,VJW,156.0
2023-06-22,BLR,99.0
2023-06-22,COK,61.0
2023-06-22,MAA,379.0
2023-06-22,SBD,99.0
2023-06-22,VJW,120.0
2023-06-23,BLR,105.0
2023-06-23,COK,16.0
2023-06-23,MAA,80.0
2023-06-23,SBD,181.0
2023-06-23,VJW,177.0
2023-06-24,BLR,18.0
2023-06-24,COK,74.0
2023-06-24,MAA,150.0
2023-06-24,SBD,96.0
2023-06-24,VJW,63.5
2023-06-26,BLR,12.0
2023-06-26,COK,38.0
2023-06-26,MAA,229.0
2023-06-26,SBD,262.0
2023-06-26,VJW,85.0
2023-06-27,BLR,87.0
2023-06-27,COK,165.0
2023-06-27,MAA,317.0
2023-06-27,SBD,240.0
2023-06-27,VJW,77.0
2023-06-28,BLR,139.5
2023-06-28,COK,90.0
2023-06-28,MAA,179.0
2023-06-28,SBD,289.0
2023-06-28,VJW,131.0
2023-06-29,BLR,63.0
2023-06-29,COK,117.0
2023-06-29,MAA,899.0
2023-06-29,SBD,587.0
2023-06-29,VJW,187.0
2023-06-30,BLR,468.0
2023-06-30,COK,112.0
2023-06-30,MAA,269.5
2023-06-30,SBD,330.5
2023-06-30,VJW,75.0
2023-07-04,MAA,182.0
2023-07-04,SBD,7.0
2023-07-04,VJW,2.0
2023-07-05,BLR,39.0
2023-07-05,MAA,32.0
2023-07-05,SBD,25.0
2023-07-05,VJW,2.0
2023-07-06,BLR,12.0
2023-07-06,COK,6.0
2023-07-06,MAA,46.0
2023-07-06,SBD,4.0
2023-07-06,VJW,2.0
2023-07-07,COK,6.0
2023-07-07,MAA,35.0
2023-07-07,SBD,5.0
2023-07-07,VJW,25.0
2023-07-08,BLR,16.0
2023-07-08,COK,11.0
2023-07-08,MAA,19.0
2023-07-08,SBD,3.0
2023-07-10,BLR,2.0
2023-07-10,COK,32.0
2023-07-10,MAA,216.0
2023-07-10,SBD,33.0
2023-07-10,VJW,1.0
2023-07-11,BLR,2.0
2023-07-11,COK,27.0
2023-07-11,MAA,69.0
2023-07-11,SBD,2.5
2023-07-11,VJW,3.0
2023-07-12,BLR,3.0
2023-07-12,COK,227.0
2023-07-12,MAA,54.0
2023-07-12,SBD,36.0
2023-07-12,VJW,52.0
2023-07-13,BLR,28.0
2023-07-13,COK,28.0
2023-07-13,MAA,47.0
2023-07-13,SBD,113.0
2023-07-13,VJW,57.0
2023-07-14,BLR,32.0
2023-07-14,COK,135.5
2023-07-14,MAA,180.0
2023-07-14,SBD,82.0
2023-07-17,BLR,97.0
2023-07-17,COK,119.5
2023-07-17,MAA,69.0
2023-07-17,SBD,51.0
2023-07-17,VJW,8.0
2023-07-18,BLR,67.0
2023-07-18,COK,19.5
2023-07-18,MAA,171.0
2023-07-18,SBD,68.0
2023-07-18,VJW,59.5
2023-07-19,BLR,3.0
2023-07-19,COK,89.0
2023-07-19,MAA,25.0
2023-07-19,SBD,86.0
2023-07-19,VJW,26.0
2023-07-20,BLR,8.0
2023-07-20,COK,227.0
2023-07-20,MAA,72.0
2023-07-20,SBD,24.0
2023-07-20,VJW,53.0
2023-07-21,BLR,33.0
2023-07-21,COK,41.0
2023-07-21,MAA,37.0
2023-07-21,SBD,11.0
2023-07-21,VJW,1.5
2023-07-22,COK,47.0
2023-07-22,MAA,35.0
2023-07-22,SBD,74.0
2023-07-22,VJW,28.0
2023-07-24,COK,71.5
2023-07-24,MAA,184.0
2023-07-24,SBD,43.0
2023-07-24,VJW,79.0
2023-07-25,BLR,156.5
2023-07-25,COK,91.0
2023-07-25,MAA,244.0
2023-07-25,SBD,196.5
2023-07-25,VJW,11.0
2023-07-26,BLR,146.0
2023-07-26,COK,287.0
2023-07-26,MAA,516.0
2023-07-26,SBD,172.0
2023-07-26,VJW,159.0
2023-07-27,BLR,29.0
2023-07-27,COK,100.0
2023-07-27,MAA,512.0
2023-07-27,SBD,17.5
2023-07-27,VJW,44.5
2023-07-28,BLR,93.0
2023-07-28,COK,160.0
2023-07-28,MAA,281.0
2023-07-28,SBD,17.0
2023-07-28,VJW,57.0
2023-07-29,BLR,119.0
2023-07-29,COK,277.0
2023-07-29,MAA,787.0
2023-07-29,SBD,253.0
2023-07-29,VJW,30.0
2023-07-30,MAA,12.0
2023-07-30,SBD,58.0
2023-07-31,BLR,424.0
2023-07-31,COK,33.5
2023-07-31,MAA,1302.5
2023-07-31,SBD,460.0
2023-07-31,VJW,307.0
2023-08-01,BLR,35.0
2023-08-02,MAA,1.0
2023-08-02,SBD,37.0
2023-08-02,VJW,1.0
2023-08-03,BLR,14.0
2023-08-03,COK,222.0
2023-08-03,SBD,132.0
2023-08-03,VJW,25.0
2023-08-04,BLR,47.0
2023-08-04,COK,95.0
2023-08-04,MAA,125.0
2023-08-04,SBD,44.0
2023-08-05,BLR,7.0
2023-08-05,COK,70.0
2023-08-07,BLR,5.0
2023-08-07,COK,189.0
2023-08-07,MAA,173.5
2023-08-07,SBD,125.0
2023-08-07,VJW,45.0
2023-08-08,BLR,3.0
2023-08-08,COK,19.0
2023-08-08,MAA,197.0
2023-08-08,SBD,62.0
2023-08-08,VJW,55.0
2023-08-09,BLR,8.5
2023-08-09,COK,199.0
2023-08-09,MAA,308.0
2023-08-09,SBD,60.0
2023-08-09,VJW,196.5
2023-08-10,BLR,21.0
2023-08-10,COK,98.0
2023-08-10,MAA,214.0
2023-08-10,SBD,88.0
2023-08-10,VJW,39.0
2023-08-11,BLR,76.0
2023-08-11,COK,192.0
2023-08-11,MAA,303.0
2023-08-11,SBD,143.0
2023-08-11,VJW,37.0
2023-08-12,COK,232.0
2023-08-12,MAA,28.0
2023-08-12,SBD,36.0
2023-08-12,VJW,61.0
2023-08-14,BLR,80.0
2023-08-14,COK,149.0
2023-08-14,MAA,601.0
2023-08-14,SBD,197.0
2023-08-14,VJW,184.5
2023-08-15,COK,506.0
2023-08-16,BLR,217.0
2023-08-16,COK,175.5
2023-08-16,MAA,671.0
2023-08-16,SBD,189.0
2023-08-16,VJW,315.0
2023-08-17,BLR,69.0
2023-08-17,COK,281.0
2023-08-17,MAA,275.0
2023-08-17,SBD,257.5
2023-08-17,VJW,100.5
2023-08-18,BLR,66.0
2023-08-18,COK,297.0
2023-08-18,MAA,567.0
2023-08-18,SBD,242.0
2023-08-18,VJW,43.0
2023-08-19,BLR,31.5
2023-08-19,COK,332.0
2023-08-19,MAA,208.0
2023-08-19,SBD,21.0
2023-08-19,VJW,13.0
2023-08-20,COK,145.0
2023-08-21,BLR,140.0
2023-08-21,COK,169.0
2023-08-21,MAA,731.0
2023-08-21,SBD,310.0
2023-08-21,VJW,55.0
2023-08-22,BLR,72.0
2023-08-22,COK,161.0
2023-08-22,MAA,217.0
2023-08-22,SBD,139.5
2023-08-22,VJW,143.0
2023-08-23,BLR,14.0
2023-08-23,COK,100.0
2023-08-23,MAA,161.0
2023-08-23,SBD,73.0
2023-08-23,VJW,191.0
2023-08-24,BLR,197.0
2023-08-24,COK,141.5
2023-08-24,MAA,110.0
2023-08-24,SBD,239.0
2023-08-24,VJW,93.0
2023-08-25,BLR,96.0
2023-08-25,COK,36.0
2023-08-25,MAA,220.0
2023-08-25,SBD,283.0
2023-08-25,VJW,36.0
2023-08-26,BLR,15.0
2023-08-26,COK,39.0
2023-08-26,MAA,103.0
2023-08-26,SBD,27.0
2023-08-26,VJW,10.0
2023-08-28,BLR,28.0
2023-08-28,MAA,263.0
2023-08-28,SBD,261.0
2023-08-28,VJW,83.5
2023-08-29,BLR,155.0
2023-08-29,MAA,282.0
2023-08-29,SBD,72.0
2023-08-29,VJW,87.0
2023-08-30,BLR,351.0
2023-08-30,COK,10.0
2023-08-30,MAA,494.0
2023-08-30,SBD,231.0
2023-08-30,VJW,492.5
2023-08-31,BLR,520.0
2023-08-31,COK,57.0
2023-08-31,MAA,130.0
2023-08-31,SBD,1006.0
2023-08-31,VJW,216.0
2023-09-02,COK,369.0
2023-09-02,MAA,1.0
2023-09-02,VJW,50.0
2023-09-04,BLR,11.0
2023-09-04,COK,425.0
2023-09-04,SBD,86.0
2023-09-04,VJW,66.0
2023-09-05,BLR,52.0
2023-09-05,COK,88.0
2023-09-05,MAA,236.0
2023-09-05,SBD,96.0
2023-09-05,VJW,32.0
2023-09-06,BLR,70.0
2023-09-06,COK,39.0
2023-09-06,MAA,433.0
2023-09-06,SBD,137.5
2023-09-06,VJW,62.0
2023-09-07,BLR,238.0
2023-09-07,COK,152.0
2023-09-07,MAA,629.0
2023-09-07,SBD,16.0
2023-09-07,VJW,47.0
2023-09-08,BLR,63.0
2023-09-08,COK,188.0
2023-09-08,MAA,267.0
2023-09-08,SBD,136.0
2023-09-08,VJW,404.0
2023-09-09,BLR,71.0
2023-09-09,COK,72.0
2023-09-09,MAA,137.0
2023-09-09,SBD,66.0
2023-09-11,BLR,159.0
2023-09-11,COK,114.0
2023-09-11,MAA,271.0
2023-09-11,SBD,11.0
2023-09-11,VJW,29.0
2023-09-12,BLR,68.0
2023-09-12,COK,78.0
2023-09-12,MAA,157.0
2023-09-12,SBD,72.0
2023-09-12,VJW,40.0
2023-09-13,BLR,61.0
2023-09-13,COK,130.0
2023-09-13,MAA,265.5
2023-09-13,SBD,173.0
2023-09-13,VJW,68.0
2023-09-14,BLR,66.0
2023-09-14,COK,235.0
2023-09-14,MAA,564.0
2023-09-14,SBD,56.0
2023-09-14,VJW,33.0
2023-09-15,BLR,111.0
2023-09-15,COK,64.0
2023-09-15,MAA,379.5
2023-09-15,SBD,343.0
2023-09-15,VJW,474.0
2023-09-16,BLR,56.0
2023-09-16,COK,80.0
2023-09-16,MAA,158.0
2023-09-16,SBD,24.0
2023-09-16,VJW,123.0
2023-09-18,COK,31.0
2023-09-19,BLR,11.0
2023-09-19,COK,70.0
2023-09-19,MAA,519.0
2023-09-19,SBD,560.0
2023-09-19,VJW,120.5
2023-09-20,BLR,145.0
2023-09-20,COK,103.0
2023-09-20,MAA,461.0
2023-09-20,SBD,136.0
2023-09-20,VJW,39.0
2023-09-21,BLR,170.0
2023-09-21,COK,10.0
2023-09-21,MAA,522.0
2023-09-21,SBD,361.0
2023-09-21,VJW,9.0
2023-09-22,BLR,142.0
2023-09-22,COK,32.0
2023-09-22,MAA,251.5
2023-09-22,SBD,283.0
2023-09-22,VJW,30.0
2023-09-23,COK,2.0
2023-09-23,MAA,169.0
2023-09-23,SBD,72.0
2023-09-23,VJW,10.5
2023-09-25,BLR,119.0
2023-09-25,COK,42.5
2023-09-25,MAA,403.0
2023-09-25,SBD,474.0
2023-09-25,VJW,25.0
2023-09-26,BLR,102.0
2023-09-26,COK,109.0
2023-09-26,MAA,353.0
2023-09-26,SBD,252.0
2023-09-26,VJW,300.0
2023-09-27,BLR,85.0
2023-09-27,COK,152.0
2023-09-27,MAA,99.0
2023-09-27,SBD,85.0
2023-09-27,VJW,291.0
2023-09-28,BLR,227.0
2023-09-28,COK,47.0
2023-09-28,MAA,391.5
2023-09-28,SBD,272.0
2023-09-28,VJW,138.0
2023-09-29,BLR,272.0
2023-09-29,COK,29.0
2023-09-29,MAA,693.0
2023-09-29,SBD,164.5
2023-09-29,VJW,286.0
2023-09-30,BLR,542.0
2023-09-30,COK,17.0
2023-09-30,MAA,586.5
2023-09-30,SBD,863.0
2023-09-30,VJW,264.0
2023-10-04,BLR,21.0
2023-10-04,COK,27.0
2023-10-04,MAA,94.0
2023-10-04,SBD,376.0
2023-10-04,VJW,333.0
2023-10-05,BLR,83.5
2023-10-05,COK,200.0
2023-10-05,MAA,212.0
2023-10-05,SBD,274.0
2023-10-06,BLR,41.0
2023-10-06,COK,13.0
2023-10-06,MAA,73.0
2023-10-06,SBD,21.0
2023-10-06,VJW,34.0
2023-10-07,BLR,1.0
2023-10-07,COK,14.0
2023-10-07,MAA,12.0
2023-10-07,VJW,6.0
2023-10-09,BLR,84.0
2023-10-09,COK,24.0
2023-10-09,MAA,79.0
2023-10-09,SBD,121.0
2023-10-10,BLR,91.0
2023-10-10,COK,197.0
2023-10-10,MAA,200.0
2023-10-10,SBD,69.0
2023-10-10,VJW,336.0
2023-10-11,BLR,17.0
2023-10-11,COK,40.0
2023-10-11,MAA,95.0
2023-10-11,SBD,110.0
2023-10-11,VJW,78.0
2023-10-12,BLR,24.5
2023-10-12,COK,76.0
2023-10-12,MAA,386.0
2023-10-12,SBD,275.0
2023-10-12,VJW,310.0
2023-10-13,BLR,28.0
2023-10-13,COK,71.0
2023-10-13,MAA,445.0
2023-10-13,SBD,488.0
2023-10-13,VJW,313.0
2023-10-14,BLR,62.0
2023-10-14,COK,13.0
2023-10-14,MAA,300.0
2023-10-14,SBD,773.0
2023-10-14,VJW,13.0
2023-10-16,BLR,76.0
2023-10-16,COK,6.0
2023-10-16,MAA,342.5
2023-10-16,SBD,155.0
2023-10-16,VJW,310.0
2023-10-17,BLR,186.0
2023-10-17,COK,29.0
2023-10-17,MAA,252.0
2023-10-17,SBD,136.0
2023-10-17,VJW,828.0
2023-10-18,BLR,27.0
2023-10-18,COK,65.5
2023-10-18,MAA,259.0
2023-10-18,SBD,358.5
2023-10-18,VJW,550.0
2023-10-19,BLR,53.0
2023-10-19,COK,22.0
2023-10-19,MAA,387.0
2023-10-19,SBD,700.0
2023-10-19,VJW,501.0
2023-10-20,BLR,108.5
2023-10-20,COK,13.5
2023-10-20,MAA,493.5
2023-10-20,SBD,330.5
2023-10-20,VJW,584.0
2023-10-21,COK,11.0
2023-10-21,MAA,309.0
2023-10-21,SBD,188.0
2023-10-21,VJW,268.0
2023-10-22,BLR,5.0
2023-10-22,SBD,796.0
2023-10-22,VJW,122.0
2023-10-23,SBD,10.0
2023-10-23,VJW,175.0
2023-10-24,SBD,15.0
2023-10-25,BLR,138.0
2023-10-25,COK,182.0
2023-10-25,MAA,537.0
2023-10-25,SBD,236.0
2023-10-25,VJW,241.0
2023-10-26,BLR,128.0
2023-10-26,COK,29.0
2023-10-26,MAA,459.0
2023-10-26,SBD,227.0
2023-10-26,VJW,11.0
2023-10-27,BLR,141.0
2023-10-27,COK,122.5
2023-10-27,MAA,130.0
2023-10-27,SBD,277.5
2023-10-27,VJW,454.5
2023-10-28,BLR,215.0
2023-10-28,COK,131.0
2023-10-28,MAA,285.0
2023-10-28,SBD,347.0
2023-10-28,VJW,11.0
2023-10-30,BLR,185.5
2023-10-30,COK,25.0
2023-10-30,MAA,213.0
2023-10-30,SBD,7.0
2023-10-31,BLR,530.0
2023-10-31,COK,12.0
2023-10-31,MAA,132.0
2023-10-31,SBD,280.0
2023-11-01,MAA,528.0
2023-11-01,SBD,184.0
2023-11-01,VJW,171.0
2023-11-02,BLR,4.0
2023-11-02,COK,81.0
2023-11-02,MAA,418.0
2023-11-02,SBD,609.0
2023-11-02,VJW,4.0
2023-11-03,BLR,34.0
2023-11-03,COK,99.0
2023-11-03,MAA,301.0
2023-11-03,SBD,63.0
2023-11-03,VJW,145.0
2023-11-04,COK,4.0
2023-11-04,MAA,28.0
2023-11-04,SBD,50.0
2023-11-04,VJW,30.0
2023-11-06,BLR,32.0
2023-11-06,COK,43.0
2023-11-06,MAA,627.0
2023-11-06,SBD,190.0
2023-11-06,VJW,72.0
2023-11-07,BLR,60.0
2023-11-07,COK,90.0
2023-11-07,MAA,267.0
2023-11-07,SBD,236.0
2023-11-07,VJW,48.0
2023-11-08,BLR,127.0
2023-11-08,COK,29.0
2023-11-08,MAA,296.0
2023-11-08,SBD,170.0
2023-11-08,VJW,62.0
2023-11-09,BLR,24.0
2023-11-09,COK,100.0
2023-11-09,MAA,303.0
2023-11-09,SBD,322.0
2023-11-09,VJW,299.0
2023-11-10,BLR,70.0
2023-11-10,COK,67.0
2023-11-10,MAA,211.0
2023-11-10,SBD,476.0
2023-11-10,VJW,191.0
2023-11-11,COK,18.0
2023-11-11,MAA,23.0
2023-11-11,SBD,18.0
2023-11-11,VJW,16.0
2023-11-14,COK,95.0
2023-11-15,BLR,84.0
2023-11-15,COK,92.0
2023-11-15,MAA,240.5
2023-11-15,SBD,210.5
2023-11-15,VJW,71.0
2023-11-16,BLR,60.0
2023-11-16,COK,312.0
2023-11-16,MAA,128.5
2023-11-16,SBD,258.0
2023-11-16,VJW,62.5
2023-11-17,BLR,66.0
2023-11-17,COK,219.0
2023-11-17,MAA,90.0
2023-11-17,SBD,1003.5
2023-11-17,VJW,174.0
2023-11-18,BLR,13.0
2023-11-18,COK,173.0
2023-11-18,MAA,73.0
2023-11-18,SBD,20.0
2023-11-18,VJW,12.0
2023-11-20,BLR,177.0
2023-11-20,COK,62.0
2023-11-20,MAA,102.0
2023-11-20,SBD,206.0
2023-11-20,VJW,63.0
2023-11-21,BLR,30.0
2023-11-21,COK,75.0
2023-11-21,MAA,107.0
2023-11-21,SBD,59.0
2023-11-21,VJW,128.0
2023-11-22,BLR,128.0
2023-11-22,COK,168.0
2023-11-22,MAA,99.0
2023-11-22,SBD,226.0
2023-11-22,VJW,100.0
2023-11-23,BLR,87.0
2023-11-23,COK,242.0
2023-11-23,MAA,193.0
2023-11-23,SBD,213.0
2023-11-23,VJW,33.0
2023-11-24,BLR,76.0
2023-11-24,COK,23.0
2023-11-24,MAA,246.0
2023-11-24,SBD,192.0
2023-11-24,VJW,70.0
2023-11-25,BLR,16.0
2023-11-25,COK,157.0
2023-11-25,MAA,17.0
2023-11-25,SBD,221.0
2023-11-25,VJW,79.0
2023-11-27,BLR,120.0
2023-11-27,COK,63.5
2023-11-27,MAA,121.5
2023-11-27,SBD,130.0
2023-11-27,VJW,87.5
2023-11-28,BLR,226.0
2023-11-28,COK,38.0
2023-11-28,MAA,372.5
2023-11-28,SBD,91.0
2023-11-28,VJW,210.5
2023-11-29,BLR,308.5
2023-11-29,COK,59.0
2023-11-29,MAA,322.0
2023-11-29,SBD,596.0
2023-11-29,VJW,177.5
2023-11-30,BLR,904.0
2023-11-30,COK,64.0
2023-11-30,MAA,914.5
2023-11-30,SBD,277.0
2023-11-30,VJW,155.0
2023-12-01,MAA,3.0
2023-12-02,SBD,50.0
2023-12-04,BLR,3.0
2023-12-04,COK,261.0
2023-12-04,SBD,41.0
2023-12-05,BLR,16.0
2023-12-05,COK,261.0
2023-12-05,SBD,30.0
2023-12-06,BLR,41.0
2023-12-06,COK,70.0
2023-12-06,SBD,6.0
2023-12-07,BLR,11.0
2023-12-07,COK,77.0
2023-12-07,MAA,95.0
2023-12-07,SBD,149.0
2023-12-07,VJW,1.5
2023-12-08,BLR,14.0
2023-12-08,COK,164.0
2023-12-08,MAA,220.0
2023-12-08,SBD,145.0
2023-12-08,VJW,60.0
2023-12-09,BLR,18.0
2023-12-09,COK,118.0
2023-12-09,MAA,63.0
2023-12-09,SBD,26.0
2023-12-09,VJW,75.0
2023-12-11,BLR,61.0
2023-12-11,COK,128.0
2023-12-11,MAA,195.0
2023-12-11,SBD,34.0
2023-12-11,VJW,3.0
2023-12-12,BLR,41.0
2023-12-12,COK,190.0
2023-12-12,MAA,55.0
2023-12-12,SBD,86.0
2023-12-12,VJW,25.0
2023-12-13,BLR,81.0
2023-12-13,COK,220.0
2023-12-13,MAA,76.0
2023-12-13,SBD,105.0
2023-12-13,VJW,65.5
2023-12-14,BLR,102.0
2023-12-14,COK,318.0
2023-12-14,MAA,71.0
2023-12-14,SBD,151.0
2023-12-14,VJW,1.0
2023-12-15,BLR,142.0
2023-12-15,COK,175.5
2023-12-15,MAA,172.0
2023-12-15,SBD,2251.5
2023-12-15,VJW,405.0
2023-12-16,BLR,26.0
2023-12-16,COK,156.0
2023-12-16,MAA,324.0
2023-12-16,SBD,4312.0
2023-12-16,VJW,481.0
2023-12-17,SBD,2826.0
2023-12-17,VJW,340.0
2023-12-18,BLR,34.0
2023-12-18,COK,263.5
2023-12-18,MAA,115.5
2023-12-18,SBD,2078.5
2023-12-18,VJW,375.5
2023-12-19,BLR,52.0
2023-12-19,COK,142.0
2023-12-19,MAA,46.0
2023-12-19,SBD,2043.0
2023-12-19,VJW,832.0
2023-12-20,BLR,125.0
2023-12-20,COK,311.5
2023-12-20,MAA,37.0
2023-12-20,SBD,2324.5
2023-12-20,VJW,47.0
2023-12-21,BLR,156.0
2023-12-21,COK,351.0
2023-12-21,MAA,53.5
2023-12-21,SBD,1417.0
2023-12-21,VJW,482.5
2023-12-22,BLR,44.0
2023-12-22,COK,191.5
2023-12-22,MAA,1128.5
2023-12-22,SBD,452.5
2023-12-22,VJW,240.0
2023-12-23,BLR,10.0
2023-12-23,COK,219.0
2023-12-23,MAA,2112.0
2023-12-23,SBD,122.0
2023-12-23,VJW,249.0
2023-12-24,MAA,647.0
2023-12-25,MAA,1441.0
2023-12-25,SBD,120.0
2023-12-25,VJW,57.0
2023-12-26,BLR,226.0
2023-12-26,COK,130.0
2023-12-26,MAA,2435.0
2023-12-26,SBD,541.0
2023-12-26,VJW,148.0
2023-12-27,BLR,142.0
2023-12-27,COK,264.0
2023-12-27,MAA,1302.0
2023-12-27,SBD,155.0
2023-12-27,VJW,195.0
2023-12-28,BLR,408.5
2023-12-28,COK,359.0
2023-12-28,MAA,1143.0
2023-12-28,SBD,542.5
2023-12-28,VJW,187.0
2023-12-29,BLR,206.0
2023-12-29,COK,329.5
2023-12-29,MAA,1758.0
2023-12-29,SBD,897.5
2023-12-29,VJW,448.0
2023-12-30,BLR,561.5
2023-12-30,COK,402.5
2023-12-30,MAA,2513.5
2023-12-30,SBD,1443.0
2023-12-30,VJW,650.0
2023-12-31,BLR,763.0
2023-12-31,COK,335.0
2023-12-31,MAA,2532.5
2023-12-31,SBD,1062.0
2023-12-31,VJW,1278.0
2024-01-03,BLR,5.0
2024-01-04,BLR,72.0
2024-01-04,COK,227.0
2024-01-04,MAA,2.0
2024-01-04,SBD,0.5
2024-01-05,BLR,96.0
2024-01-05,COK,25.0
2024-01-05,MAA,189.0
2024-01-06,BLR,4.0
2024-01-06,MAA,139.0
2024-01-08,BLR,437.0
2024-01-08,COK,1.0
2024-01-08,MAA,305.0
2024-01-08,SBD,106.0
2024-01-09,BLR,10.0
2024-01-09,MAA,129.5
2024-01-10,BLR,105.5
2024-01-10,COK,14.5
2024-01-10,SBD,24.0
2024-01-11,BLR,130.0
2024-01-11,COK,52.0
2024-01-11,MAA,244.0
2024-01-11,SBD,48.0
2024-01-12,BLR,82.0
2024-01-12,COK,71.0
2024-01-12,MAA,9.0
2024-01-12,SBD,30.0
2024-01-12,VJW,116.0
2024-01-13,COK,1.0
2024-01-13,MAA,71.0
2024-01-13,SBD,13.0
2024-01-15,COK,257.0
2024-01-16,BLR,203.0
2024-01-16,COK,138.0
2024-01-16,MAA,114.0
2024-01-16,SBD,43.0
2024-01-17,BLR,374.0
2024-01-17,COK,243.0
2024-01-17,MAA,52.0
2024-01-17,SBD,200.0
2024-01-17,VJW,15.0
2024-01-18,BLR,5.0
2024-01-18,COK,74.0
2024-01-18,MAA,260.0
2024-01-18,SBD,31.0
2024-01-18,VJW,9.0
2024-01-19,BLR,123.0
2024-01-19,COK,98.0
2024-01-19,MAA,224.5
2024-01-19,SBD,318.0
2024-01-19,VJW,27.0
2024-01-20,BLR,40.0
2024-01-20,COK,157.0
2024-01-20,MAA,35.0
2024-01-20,SBD,144.0
2024-01-20,VJW,40.0
2024-01-22,BLR,10.5
2024-01-22,COK,25.0
2024-01-22,MAA,41.0
2024-01-22,SBD,133.5
2024-01-22,VJW,40.0
2024-01-23,BLR,152.0
2024-01-23,COK,113.0
2024-01-23,MAA,22.0
2024-01-23,SBD,282.0
2024-01-23,VJW,46.0
2024-01-24,BLR,244.0
2024-01-24,COK,53.0
2024-01-24,MAA,74.0
2024-01-24,SBD,602.0
2024-01-24,VJW,7.0
2024-01-25,BLR,38.0
2024-01-25,COK,292.5
2024-01-25,MAA,1263.5
2024-01-25,SBD,355.5
2024-01-25,VJW,162.0
2024-01-26,SBD,137.0
2024-01-27,BLR,97.0
2024-01-27,COK,55.0
2024-01-27,MAA,1868.0
2024-01-27,SBD,493.0
2024-01-27,VJW,182.0
2024-01-28,MAA,591.0
2024-01-29,BLR,500.5
2024-01-29,COK,88.5
2024-01-29,MAA,751.0
2024-01-29,SBD,182.0
2024-01-29,VJW,30.0
2024-01-30,BLR,468.5
2024-01-30,COK,366.0
2024-01-30,MAA,1496.0
2024-01-30,SBD,468.0
2024-01-30,VJW,154.0
2024-01-31,BLR,1128.0
2024-01-31,COK,127.0
2024-01-31,MAA,1834.0
2024-01-31,SBD,2774.5
2024-01-31,VJW,2043.0
2024-02-02,MAA,1.0
2024-02-02,SBD,69.0
2024-02-03,BLR,8.5
2024-02-03,COK,157.0
2024-02-03,MAA,1.0
2024-02-03,SBD,317.0
2024-02-03,VJW,211.0
2024-02-05,BLR,18.0
2024-02-05,COK,65.0
2024-02-05,MAA,112.0
2024-02-05,SBD,594.0
2024-02-05,VJW,220.0
2024-02-06,BLR,69.0
2024-02-06,COK,214.0
2024-02-06,MAA,18.0
2024-02-06,SBD,351.0
2024-02-06,VJW,5.0
2024-02-07,BLR,97.0
2024-02-07,COK,413.5
2024-02-07,MAA,416.5
2024-02-07,SBD,69.0
2024-02-07,VJW,22.0
2024-02-08,BLR,58.0
2024-02-08,COK,385.0
2024-02-08,MAA,17.0
2024-02-08,SBD,469.0
2024-02-08,VJW,53.0
2024-02-09,BLR,16.0
2024-02-09,COK,278.5
2024-02-09,MAA,191.0
2024-02-09,SBD,446.0
2024-02-09,VJW,486.0
2024-02-10,BLR,1.0
2024-02-10,COK,306.0
2024-02-10,MAA,28.0
2024-02-10,SBD,259.0
2024-02-10,VJW,17.0
2024-02-12,BLR,14.0
2024-02-12,COK,243.0
2024-02-12,MAA,131.5
2024-02-12,SBD,672.0
2024-02-12,VJW,155.0
2024-02-13,BLR,11.5
2024-02-13,COK,348.5
2024-02-13,MAA,168.5
2024-02-13,SBD,2103.5
2024-02-13,VJW,204.0
2024-02-14,BLR,36.0
2024-02-14,COK,47.0
2024-02-14,MAA,285.0
2024-02-14,SBD,399.0
2024-02-14,VJW,533.0
2024-02-15,BLR,25.0
2024-02-15,COK,200.0
2024-02-15,MAA,175.5
2024-02-15,SBD,329.0
2024-02-15,VJW,113.0
2024-02-16,BLR,169.0
2024-02-16,COK,450.0
2024-02-16,MAA,327.0
2024-02-16,SBD,354.0
2024-02-16,VJW,192.0
2024-02-17,BLR,120.0
2024-02-17,COK,242.0
2024-02-17,MAA,303.0
2024-02-17,VJW,35.0
2024-02-19,BLR,337.0
2024-02-19,COK,56.5
2024-02-19,MAA,320.5
2024-02-19,SBD,818.5
2024-02-19,VJW,438.0
2024-02-20,BLR,6.0
2024-02-20,COK,235.5
2024-02-20,MAA,121.0
2024-02-20,SBD,342.0
2024-02-20,VJW,70.0
2024-02-21,BLR,234.0
2024-02-21,COK,202.0
2024-02-21,MAA,439.0
2024-02-21,SBD,267.0
2024-02-21,VJW,220.0
2024-02-22,BLR,165.0
2024-02-22,COK,219.0
2024-02-22,MAA,179.0
2024-02-22,SBD,250.0
2024-02-22,VJW,681.0
2024-02-23,BLR,236.5
2024-02-23,COK,275.0
2024-02-23,MAA,843.0
2024-02-23,SBD,911.5
2024-02-23,VJW,189.0
2024-02-24,BLR,396.0
2024-02-24,COK,202.0
2024-02-24,MAA,585.0
2024-02-24,SBD,920.0
2024-02-24,VJW,449.0
2024-02-25,MAA,655.0
2024-02-25,SBD,300.0
2024-02-26,BLR,319.5
2024-02-26,COK,220.0
2024-02-26,MAA,978.0
2024-02-26,SBD,729.0
2024-02-26,VJW,142.0
2024-02-27,BLR,210.0
2024-02-27,COK,315.0
2024-02-27,MAA,948.0
2024-02-27,SBD,484.0
2024-02-27,VJW,169.0
2024-02-28,BLR,385.0
2024-02-28,COK,179.0
2024-02-28,MAA,1936.0
2024-02-28,SBD,643.0
2024-02-28,VJW,306.0
2024-02-29,BLR,1092.0
2024-02-29,COK,244.5
2024-02-29,MAA,4271.5
2024-02-29,SBD,701.0
2024-02-29,VJW,1321.0
2024-03-01,MAA,1.0
2024-03-01,VJW,458.0
2024-03-02,SBD,50.0
2024-03-02,VJW,250.0
2024-03-03,VJW,223.0
2024-03-04,BLR,51.0
2024-03-04,COK,849.0
2024-03-04,MAA,22.5
2024-03-04,SBD,420.0
2024-03-04,VJW,195.0
2024-03-05,BLR,104.0
2024-03-05,COK,392.0
2024-03-05,MAA,383.0
2024-03-05,SBD,120.5
2024-03-05,VJW,244.0
2024-03-06,BLR,13.0
2024-03-06,COK,330.0
2024-03-06,MAA,204.0
2024-03-06,SBD,1041.0
2024-03-06,VJW,987.0
2024-03-07,BLR,6.0
2024-03-07,COK,770.0
2024-03-07,MAA,340.0
2024-03-07,SBD,1171.0
2024-03-07,VJW,1250.0
2024-03-08,BLR,148.0
2024-03-08,COK,145.5
2024-03-08,MAA,142.0
2024-03-08,SBD,895.0
2024-03-08,VJW,574.0
2024-03-09,BLR,29.0
2024-03-09,COK,649.0
2024-03-09,MAA,106.5
2024-03-09,SBD,1028.0
2024-03-09,VJW,549.0
2024-03-10,MAA,581.0
2024-03-10,SBD,1060.0
2024-03-10,VJW,433.0
2024-03-11,BLR,91.0
2024-03-11,COK,403.5
2024-03-11,MAA,115.0
2024-03-11,SBD,1418.5
2024-03-11,VJW,974.0
2024-03-12,BLR,379.0
2024-03-12,COK,177.5
2024-03-12,MAA,301.0
2024-03-12,SBD,1503.0
2024-03-12,VJW,1002.0
2024-03-13,BLR,139.0
2024-03-13,COK,712.5
2024-03-13,MAA,528.5
2024-03-13,SBD,834.0
2024-03-13,VJW,1200.0
2024-03-14,BLR,220.0
2024-03-14,COK,927.0
2024-03-14,MAA,837.5
2024-03-14,SBD,448.0
2024-03-14,VJW,852.0
2024-03-15,BLR,183.0
2024-03-15,COK,182.5
2024-03-15,MAA,411.5
2024-03-15,SBD,839.0
2024-03-15,VJW,405.0
2024-03-16,BLR,258.0
2024-03-16,COK,608.0
2024-03-16,MAA,837.0
2024-03-16,SBD,901.0
2024-03-16,VJW,516.0
2024-03-17,BLR,65.0
2024-03-17,COK,567.0
2024-03-17,MAA,746.0
2024-03-17,SBD,694.0
2024-03-17,VJW,298.0
2024-03-18,BLR,644.0
2024-03-18,COK,303.0
2024-03-18,MAA,653.5
2024-03-18,SBD,610.5
2024-03-18,VJW,41.0
2024-03-19,BLR,16.0
2024-03-19,COK,491.0
2024-03-19,MAA,667.0
2024-03-19,SBD,620.0
2024-03-19,VJW,248.0
2024-03-20,BLR,476.0
2024-03-20,COK,662.0
2024-03-20,MAA,1062.0
2024-03-20,SBD,958.0
2024-03-20,VJW,489.0
2024-03-21,BLR,163.0
2024-03-21,COK,464.0
2024-03-21,MAA,712.0
2024-03-21,SBD,741.0
2024-03-21,VJW,534.0
2024-03-22,BLR,328.0
2024-03-22,COK,413.0
2024-03-22,MAA,651.5
2024-03-22,SBD,749.0
2024-03-22,VJW,140.0
2024-03-23,BLR,416.0
2024-03-23,COK,66.0
2024-03-23,MAA,1028.5
2024-03-23,SBD,590.0
2024-03-23,VJW,474.0
2024-03-24,BLR,521.0
2024-03-24,COK,331.0
2024-03-24,MAA,434.0
2024-03-24,SBD,419.0
2024-03-25,BLR,280.0
2024-03-25,COK,284.0
2024-03-25,MAA,1553.0
2024-03-25,SBD,775.0
2024-03-25,VJW,191.0
2024-03-26,BLR,549.5
2024-03-26,COK,413.5
2024-03-26,MAA,816.5
2024-03-26,SBD,686.0
2024-03-26,VJW,436.0
2024-03-27,BLR,516.0
2024-03-27,COK,318.0
2024-03-27,MAA,2128.5
2024-03-27,SBD,504.0
2024-03-27,VJW,512.0
2024-03-28,BLR,504.0
2024-03-28,COK,284.0
2024-03-28,MAA,1081.5
2024-03-28,SBD,1168.5
2024-03-28,VJW,629.0
2024-03-29,BLR,335.5
2024-03-29,COK,59.0
2024-03-29,MAA,2831.0
2024-03-29,SBD,887.0
2024-03-29,VJW,495.0
2024-03-30,BLR,702.0
2024-03-30,COK,92.5
2024-03-30,MAA,2473.5
2024-03-30,SBD,1277.0
2024-03-30,VJW,123.0
2024-04-03,BLR,65.0
2024-04-03,COK,95.0
2024-04-03,MAA,311.0
2024-04-03,SBD,106.0
2024-04-03,VJW,1.0
2024-04-04,BLR,1.0
2024-04-04,COK,191.0
2024-04-04,MAA,639.0
2024-04-04,SBD,1733.0
2024-04-04,VJW,284.0
2024-04-05,BLR,123.0
2024-04-05,COK,275.0
2024-04-05,MAA,1075.0
2024-04-05,SBD,1587.0
2024-04-05,VJW,1546.0
2024-04-06,BLR,14.0
2024-04-06,COK,211.0
2024-04-06,MAA,1561.0
2024-04-06,SBD,1278.0
2024-04-06,VJW,1979.0
2024-04-07,BLR,60.0
2024-04-07,COK,170.0
2024-04-07,MAA,1596.0
2024-04-07,SBD,799.0
2024-04-07,VJW,941.0
2024-04-08,BLR,219.0
2024-04-08,COK,600.0
2024-04-08,MAA,732.0
2024-04-08,SBD,1121.0
2024-04-08,VJW,818.0
2024-04-09,BLR,2.0
2024-04-09,COK,609.0
2024-04-09,MAA,115.0
2024-04-09,SBD,175.0
2024-04-10,BLR,114.0
2024-04-10,COK,690.0
2024-04-10,MAA,1525.0
2024-04-10,SBD,558.0
2024-04-10,VJW,637.0
2024-04-11,BLR,219.0
2024-04-11,COK,527.0
2024-04-11,MAA,1812.0
2024-04-11,SBD,1136.0
2024-04-11,VJW,794.0
2024-04-12,BLR,358.0
2024-04-12,COK,1096.0
2024-04-12,MAA,2008.0
2024-04-12,SBD,1095.0
2024-04-12,VJW,265.0
2024-04-13,BLR,125.0
2024-04-13,COK,850.0
2024-04-13,MAA,2481.0
2024-04-13,SBD,1256.0
2024-04-13,VJW,420.0
2024-04-14,COK,100.0
2024-04-14,MAA,1254.0
2024-04-14,SBD,917.0
2024-04-14,VJW,980.0
2024-04-15,BLR,209.0
2024-04-15,COK,733.0
2024-04-15,MAA,683.0
2024-04-15,SBD,1066.0
2024-04-15,VJW,270.0
2024-04-16,BLR,558.0
2024-04-16,COK,994.0
2024-04-16,MAA,1851.0
2024-04-16,SBD,1411.0
2024-04-16,VJW,713.0
2024-04-17,BLR,164.0
2024-04-17,COK,393.0
2024-04-17,MAA,824.0
2024-04-17,SBD,969.0
2024-04-17,VJW,1571.0
2024-04-18,BLR,447.0
2024-04-18,COK,286.0
2024-04-18,MAA,1117.0
2024-04-18,SBD,764.0
2024-04-18,VJW,1211.0
2024-04-19,BLR,284.0
2024-04-19,COK,876.0
2024-04-19,MAA,305.0
2024-04-19,SBD,1201.0
2024-04-19,VJW,601.0
2024-04-20,BLR,355.0
2024-04-20,COK,501.0
2024-04-20,MAA,657.0
2024-04-20,SBD,1587.0
2024-04-20,VJW,483.0
2024-04-21,BLR,212.0
2024-04-21,COK,55.0
2024-04-21,MAA,847.0
2024-04-21,SBD,924.0
2024-04-21,VJW,180.0
2024-04-22,BLR,339.0
2024-04-22,COK,445.0
2024-04-22,MAA,889.0
2024-04-22,SBD,463.0
2024-04-22,VJW,431.0
2024-04-23,BLR,439.0
2024-04-23,COK,319.0
2024-04-23,MAA,1088.0
2024-04-23,SBD,402.0
2024-04-23,VJW,830.0
2024-04-24,BLR,440.0
2024-04-24,COK,272.0
2024-04-24,MAA,1333.0
2024-04-24,SBD,318.0
2024-04-24,VJW,502.0
2024-04-25,BLR,156.0
2024-04-25,COK,216.0
2024-04-25,MAA,1823.0
2024-04-25,SBD,187.0
2024-04-25,VJW,643.0
2024-04-26,BLR,66.0
2024-04-26,COK,645.0
2024-04-26,MAA,1902.0
2024-04-26,SBD,445.0
2024-04-26,VJW,746.0
2024-04-27,BLR,215.0
2024-04-27,COK,190.0
2024-04-27,MAA,2456.0
2024-04-27,SBD,391.0
2024-04-27,VJW,886.0
2024-04-28,BLR,198.0
2024-04-28,COK,167.0
2024-04-28,MAA,1344.0
2024-04-28,SBD,255.0
2024-04-28,VJW,318.0
2024-04-29,BLR,292.0
2024-04-29,COK,321.0
2024-04-29,MAA,927.0
2024-04-29,SBD,449.0
2024-04-29,VJW,1033.0
2024-04-30,BLR,558.0
2024-04-30,COK,1414.0
2024-04-30,MAA,4356.0
2024-04-30,SBD,1161.0
2024-04-30,VJW,962.0
2024-05-02,BLR,40.0
2024-05-02,COK,74.0
2024-05-02,MAA,253.0
2024-05-02,SBD,10.0
2024-05-02,VJW,298.0
2024-05-03,BLR,30.0
2024-05-03,COK,63.0
2024-05-03,MAA,1050.0
2024-05-03,SBD,136.0
2024-05-03,VJW,998.0
2024-05-04,BLR,20.0
2024-05-04,COK,259.0
2024-05-04,MAA,1071.0
2024-05-04,SBD,156.0
2024-05-04,VJW,487.0
2024-05-05,BLR,65.0
2024-05-05,MAA,1859.0
2024-05-05,SBD,598.0
2024-05-05,VJW,339.0
2024-05-06,BLR,240.0
2024-05-06,COK,104.0
2024-05-06,MAA,1103.0
2024-05-06,SBD,318.0
2024-05-06,VJW,663.0
2024-05-07,BLR,131.0
2024-05-07,COK,69.0
2024-05-07,MAA,1889.0
2024-05-07,SBD,429.0
2024-05-07,VJW,345.0
2024-05-08,BLR,-40.0
2024-05-08,COK,198.0
2024-05-08,MAA,1026.0
2024-05-08,SBD,290.0
2024-05-08,VJW,335.0
2024-05-09,BLR,528.0
2024-05-09,COK,167.0
2024-05-09,MAA,1431.0
2024-05-09,SBD,665.0
2024-05-09,VJW,860.0
2024-05-10,BLR,38.0
2024-05-10,COK,179.0
2024-05-10,MAA,1592.0
2024-05-10,SBD,165.0
2024-05-10,VJW,523.0
2024-05-11,BLR,-6.0
2024-05-11,COK,604.0
2024-05-11,MAA,849.0
2024-05-11,SBD,234.0
2024-05-11,VJW,691.0
2024-05-12,COK,475.0
2024-05-12,MAA,274.0
2024-05-12,SBD,150.0
2024-05-13,BLR,291.0
2024-05-13,COK,508.0
2024-05-13,MAA,224.0
2024-05-13,SBD,361.0
2024-05-14,BLR,72.0
2024-05-14,COK,232.0
2024-05-14,MAA,628.0
2024-05-14,SBD,466.0
2024-05-14,VJW,285.0
2024-05-15,BLR,96.0
2024-05-15,COK,324.0
2024-05-15,MAA,803.0
2024-05-15,SBD,291.0
2024-05-15,VJW,210.0
2024-05-16,BLR,373.0
2024-05-16,COK,765.0
2024-05-16,MAA,688.0
2024-05-16,SBD,481.0
2024-05-16,VJW,104.0
2024-05-17,BLR,231.0
2024-05-17,COK,313.0
2024-05-17,MAA,666.0
2024-05-17,SBD,259.0
2024-05-17,VJW,102.0
2024-05-18,BLR,179.0
2024-05-18,COK,413.0
2024-05-18,MAA,637.0
2024-05-18,SBD,952.0
2024-05-18,VJW,194.0
2024-05-19,COK,130.0
2024-05-19,MAA,368.0
2024-05-19,SBD,489.0
2024-05-19,VJW,130.0
2024-05-20,BLR,351.0
2024-05-20,COK,117.0
2024-05-20,MAA,188.0
2024-05-20,SBD,195.0
2024-05-20,VJW,570.0
2024-05-21,BLR,186.0
2024-05-21,COK,155.0
2024-05-21,MAA,504.0
2024-05-21,SBD,402.0
2024-05-21,VJW,495.0
2024-05-22,BLR,15.0
2024-05-22,COK,124.0
2024-05-22,MAA,472.0
2024-05-22,SBD,235.0
2024-05-22,VJW,213.0
2024-05-23,BLR,352.0
2024-05-23,COK,93.0
2024-05-23,MAA,322.0
2024-05-23,SBD,389.0
2024-05-23,VJW,46.0
2024-05-24,BLR,259.0
2024-05-24,COK,115.0
2024-05-24,MAA,553.0
2024-05-24,SBD,599.0
2024-05-24,VJW,368.0
2024-05-25,BLR,69.0
2024-05-25,COK,64.0
2024-05-25,MAA,285.0
2024-05-25,SBD,201.0
2024-05-25,VJW,152.0
2024-05-26,MAA,65.0
2024-05-27,BLR,58.0
2024-05-27,COK,170.0
2024-05-27,MAA,129.0
2024-05-27,SBD,384.0
2024-05-27,VJW,137.0
2024-05-28,BLR,339.0
2024-05-28,COK,113.0
2024-05-28,MAA,293.0
2024-05-28,SBD,543.0
2024-05-28,VJW,460.0
2024-05-29,BLR,189.0
2024-05-29,COK,177.0
2024-05-29,MAA,649.0
2024-05-29,SBD,254.0
2024-05-29,VJW,110.0
2024-05-30,BLR,25.0
2024-05-30,COK,73.0
2024-05-30,MAA,464.0
2024-05-30,SBD,208.0
2024-05-30,VJW,80.0
2024-05-31,BLR,392.0
2024-05-31,COK,42.0
2024-05-31,MAA,367.0
2024-05-31,SBD,1546.0
2024-05-31,VJW,421.0
2024-06-03,BLR,53.0
2024-06-03,MAA,3.0
2024-06-03,VJW,47.0
2024-06-04,BLR,33.0
2024-06-04,COK,24.0
2024-06-04,MAA,132.0
2024-06-04,SBD,142.0
2024-06-04,VJW,60.0
2024-06-05,BLR,27.0
2024-06-05,COK,8.0
2024-06-05,MAA,144.0
2024-06-05,SBD,25.0
2024-06-05,VJW,25.0
2024-06-06,BLR,117.0
2024-06-06,COK,19.0
2024-06-06,MAA,289.0
2024-06-06,SBD,116.0
2024-06-06,VJW,14.0
2024-06-07,BLR,3.0
2024-06-07,COK,3.0
2024-06-07,MAA,288.0
2024-06-07,SBD,128.0
2024-06-07,VJW,7.0
2024-06-08,BLR,7.0
2024-06-08,COK,15.0
2024-06-08,MAA,115.0
2024-06-08,SBD,76.0
2024-06-08,VJW,77.0
2024-06-10,BLR,54.0
2024-06-10,COK,19.0
2024-06-10,MAA,276.0
2024-06-10,SBD,242.0
2024-06-10,VJW,19.0
2024-06-11,BLR,43.0
2024-06-11,COK,30.0
2024-06-11,MAA,352.0
2024-06-11,SBD,310.0
2024-06-11,VJW,12.0
2024-06-12,BLR,43.0
2024-06-12,COK,46.0
2024-06-12,MAA,21.0
2024-06-12,SBD,187.0
2024-06-12,VJW,49.0
2024-06-13,BLR,77.0
2024-06-13,COK,100.0
2024-06-13,MAA,107.0
2024-06-13,SBD,42.0
2024-06-13,VJW,17.0
2024-06-14,BLR,82.0
2024-06-14,COK,11.0
2024-06-14,MAA,210.0
2024-06-14,SBD,344.0
2024-06-14,VJW,185.0
2024-06-15,COK,163.0
2024-06-15,MAA,478.0
2024-06-15,SBD,4.0
2024-06-15,VJW,190.0
2024-06-16,MAA,170.0
2024-06-16,VJW,60.0
2024-06-17,BLR,133.0
2024-06-17,COK,63.0
2024-06-17,MAA,311.0
2024-06-17,SBD,465.0
2024-06-17,VJW,78.0
2024-06-18,BLR,192.0
2024-06-18,COK,19.0
2024-06-18,MAA,80.0
2024-06-18,SBD,132.0
2024-06-18,VJW,131.0
2024-06-19,BLR,188.0
2024-06-19,COK,75.0
2024-06-19,MAA,374.0
2024-06-19,SBD,235.0
2024-06-19,VJW,245.0
2024-06-20,BLR,51.0
2024-06-20,COK,109.0
2024-06-20,MAA,192.0
2024-06-20,SBD,53.0
2024-06-20,VJW,143.0
2024-06-21,BLR,147.0
2024-06-21,COK,57.0
2024-06-21,MAA,55.0
2024-06-21,SBD,230.0
2024-06-21,VJW,25.0
2024-06-22,BLR,4.0
2024-06-22,COK,89.0
2024-06-22,MAA,66.0
2024-06-22,SBD,4.0
2024-06-22,VJW,9.0
2024-06-24,BLR,160.0
2024-06-24,COK,191.0
2024-06-24,MAA,222.0
2024-06-24,SBD,219.0
2024-06-24,VJW,337.0
2024-06-25,BLR,118.0
2024-06-25,COK,172.0
2024-06-25,MAA,217.0
2024-06-25,SBD,467.0
2024-06-25,VJW,301.0
2024-06-26,BLR,81.0
2024-06-26,COK,61.0
2024-06-26,MAA,305.0
2024-06-26,SBD,48.0
2024-06-26,VJW,174.0
2024-06-27,BLR,535.0
2024-06-27,COK,44.0
2024-06-27,MAA,984.0
2024-06-27,SBD,600.0
2024-06-27,VJW,373.0
2024-06-28,BLR,169.0
2024-06-28,COK,205.0
2024-06-28,MAA,867.0
2024-06-28,SBD,285.0
2024-06-28,VJW,211.0
2024-06-29,BLR,162.0
2024-06-29,COK,67.0
2024-06-29,MAA,414.0
2024-06-29,SBD,395.0
2024-06-29,VJW,442.0
2024-06-30,BLR,36.0
2024-06-30,COK,4.0
2024-06-30,MAA,48.0
2024-06-30,SBD,47.0
2024-06-30,VJW,519.0
2024-07-02,MAA,1.0
2024-07-03,BLR,26.0
2024-07-03,COK,58.0
2024-07-04,BLR,160.0
2024-07-04,COK,93.0
2024-07-04,MAA,37.0
2024-07-05,BLR,77.0
2024-07-05,COK,129.0
2024-07-05,MAA,98.0
2024-07-05,SBD,40.0
2024-07-06,COK,16.0
2024-07-06,MAA,18.0
2024-07-06,SBD,5.0
2024-07-08,BLR,15.0
2024-07-08,COK,69.0
2024-07-08,MAA,47.0
2024-07-08,SBD,23.0
2024-07-08,VJW,54.0
2024-07-09,BLR,10.0
2024-07-09,COK,43.0
2024-07-09,MAA,135.0
2024-07-09,SBD,19.0
2024-07-09,VJW,8.0
2024-07-10,BLR,53.0
2024-07-10,COK,97.0
2024-07-10,MAA,48.0
2024-07-10,SBD,94.0
2024-07-10,VJW,12.0
2024-07-11,BLR,85.0
2024-07-11,COK,118.0
2024-07-11,MAA,32.0
2024-07-11,SBD,68.0
2024-07-11,VJW,1.0
2024-07-12,BLR,21.0
2024-07-12,COK,98.0
2024-07-12,MAA,72.0
2024-07-12,SBD,17.0
2024-07-12,VJW,31.0
2024-07-13,BLR,100.0
2024-07-13,COK,32.0
2024-07-13,MAA,15.0
2024-07-13,VJW,11.0
2024-07-15,BLR,144.0
2024-07-15,COK,168.0
2024-07-15,MAA,29.0
2024-07-15,SBD,89.0
2024-07-15,VJW,29.0
2024-07-16,BLR,38.0
2024-07-16,COK,35.0
2024-07-16,MAA,168.0
2024-07-16,SBD,123.0
2024-07-16,VJW,65.0
2024-07-17,BLR,48.0
2024-07-17,COK,147.0
2024-07-17,MAA,30.0
2024-07-17,SBD,13.0
2024-07-17,VJW,10.0
2024-07-18,BLR,18.0
2024-07-18,COK,13.0
2024-07-18,MAA,118.0
2024-07-18,SBD,23.0
2024-07-18,VJW,35.0
2024-07-19,BLR,87.0
2024-07-19,COK,78.0
2024-07-19,MAA,215.0
2024-07-19,SBD,43.0
2024-07-19,VJW,106.0
2024-07-20,BLR,32.0
2024-07-20,COK,154.0
2024-07-20,MAA,103.0
2024-07-20,SBD,57.0
2024-07-20,VJW,45.0
2024-07-22,BLR,180.0
2024-07-22,COK,116.0
2024-07-22,MAA,237.0
2024-07-22,SBD,70.0
2024-07-22,VJW,30.0
2024-07-23,BLR,74.0
2024-07-23,COK,161.0
2024-07-23,MAA,440.0
2024-07-23,SBD,83.0
2024-07-23,VJW,-4.0
2024-07-24,BLR,60.0
2024-07-24,COK,127.0
2024-07-24,MAA,792.0
2024-07-24,SBD,111.0
2024-07-24,VJW,11.0
2024-07-25,BLR,31.0
2024-07-25,COK,201.0
2024-07-25,MAA,187.0
2024-07-25,SBD,84.0
2024-07-25,VJW,17.0
2024-07-26,BLR,43.0
2024-07-26,COK,357.0
2024-07-26,MAA,115.0
2024-07-26,SBD,71.0
2024-07-26,VJW,116.0
2024-07-27,BLR,112.0
2024-07-27,COK,3.0
2024-07-27,MAA,180.0
2024-07-27,SBD,127.0
2024-07-29,BLR,151.0
2024-07-29,COK,47.0
2024-07-29,MAA,301.0
2024-07-29,SBD,284.0
2024-07-29,VJW,178.0
2024-07-30,BLR,140.0
2024-07-30,COK,92.0
2024-07-30,MAA,585.0
2024-07-30,SBD,195.0
2024-07-30,VJW,43.0
2024-07-31,BLR,298.0
2024-07-31,COK,228.0
2024-07-31,MAA,1594.0
2024-07-31,SBD,361.0
2024-07-31,VJW,228.0
2024-08-02,BLR,89.0
2024-08-02,MAA,1.0
2024-08-02,SBD,35.0
2024-08-03,COK,503.0
2024-08-03,MAA,80.0
2024-08-03,SBD,26.0
2024-08-05,BLR,106.0
2024-08-05,COK,16.0
2024-08-05,MAA,89.0
2024-08-05,SBD,231.0
2024-08-05,VJW,78.0
2024-08-06,BLR,53.0
2024-08-06,COK,236.0
2024-08-06,MAA,282.0
2024-08-06,SBD,89.0
2024-08-06,VJW,48.0
2024-08-07,BLR,103.0
2024-08-07,COK,142.0
2024-08-07,MAA,273.0
2024-08-07,SBD,120.0
2024-08-07,VJW,41.0
2024-08-08,BLR,18.0
2024-08-08,COK,179.0
2024-08-08,MAA,285.0
2024-08-08,SBD,122.0
2024-08-08,VJW,19.0
2024-08-09,BLR,57.0
2024-08-09,COK,403.0
2024-08-09,MAA,573.0
2024-08-09,SBD,51.0
2024-08-09,VJW,106.0
2024-08-10,BLR,38.0
2024-08-10,COK,73.0
2024-08-10,MAA,118.0
2024-08-10,SBD,26.0
2024-08-10,VJW,39.0
2024-08-12,BLR,29.0
2024-08-12,COK,453.0
2024-08-12,MAA,320.0
2024-08-12,SBD,2.0
2024-08-12,VJW,7.0
2024-08-13,BLR,28.0
2024-08-13,COK,334.0
2024-08-13,MAA,390.0
2024-08-13,SBD,112.0
2024-08-13,VJW,28.0
2024-08-14,BLR,86.0
2024-08-14,COK,133.0
2024-08-14,MAA,363.0
2024-08-14,SBD,123.0
2024-08-14,VJW,120.0
2024-08-16,BLR,44.0
2024-08-16,COK,317.0
2024-08-16,MAA,410.0
2024-08-16,SBD,56.0
2024-08-16,VJW,71.0
2024-08-17,BLR,26.0
2024-08-17,COK,236.0
2024-08-17,MAA,354.0
2024-08-17,SBD,57.0
2024-08-17,VJW,6.0
2024-08-19,BLR,79.0
2024-08-19,COK,296.0
2024-08-19,MAA,255.0
2024-08-19,SBD,85.0
2024-08-19,VJW,108.0
2024-08-20,BLR,169.0
2024-08-20,COK,142.0
2024-08-20,MAA,415.0
2024-08-20,SBD,151.0
2024-08-20,VJW,58.0
2024-08-21,BLR,98.0
2024-08-21,COK,297.0
2024-08-21,MAA,599.0
2024-08-21,SBD,256.0
2024-08-21,VJW,93.0
2024-08-22,BLR,89.0
2024-08-22,COK,173.0
2024-08-22,MAA,202.0
2024-08-22,SBD,171.0
2024-08-22,VJW,221.0
2024-08-23,BLR,180.0
2024-08-23,COK,283.0
2024-08-23,MAA,366.0
2024-08-23,SBD,324.0
2024-08-23,VJW,38.0
2024-08-24,BLR,79.0
2024-08-24,COK,17.0
2024-08-24,MAA,459.0
2024-08-24,SBD,8.0
2024-08-24,VJW,27.0
2024-08-26,BLR,206.0
2024-08-26,COK,83.0
2024-08-26,MAA,423.0
2024-08-26,SBD,157.0
2024-08-26,VJW,21.0
2024-08-27,BLR,21.0
2024-08-27,COK,265.0
2024-08-27,MAA,276.0
2024-08-27,SBD,245.0
2024-08-27,VJW,160.0
2024-08-28,BLR,103.0
2024-08-28,COK,212.0
2024-08-28,MAA,692.0
2024-08-28,SBD,397.0
2024-08-28,VJW,573.0
2024-08-29,BLR,220.0
2024-08-29,COK,30.0
2024-08-29,MAA,202.0
2024-08-29,SBD,656.0
2024-08-29,VJW,199.0
2024-08-30,BLR,253.0
2024-08-30,COK,12.0
2024-08-30,MAA,190.0
2024-08-30,SBD,477.0
2024-08-30,VJW,259.0
2024-08-31,BLR,241.0
2024-08-31,COK,51.0
2024-08-31,MAA,227.0
2024-08-31,SBD,797.0
2024-08-31,VJW,380.0
2024-09-02,COK,67.0
2024-09-02,MAA,174.0
2024-09-03,COK,376.0
2024-09-03,MAA,635.0
2024-09-04,COK,324.0
2024-09-04,MAA,311.0
2024-09-04,SBD,308.0
2024-09-05,BLR,121.0
2024-09-05,COK,170.0
2024-09-05,MAA,166.0
2024-09-05,SBD,303.0
2024-09-05,VJW,51.0
2024-09-06,BLR,135.0
2024-09-06,COK,527.0
2024-09-06,MAA,635.0
2024-09-06,SBD,702.0
2024-09-06,VJW,23.0
2024-09-07,COK,392.0
2024-09-07,MAA,-3.0
2024-09-08,COK,224.0
2024-09-09,BLR,74.0
2024-09-09,COK,463.0
2024-09-09,MAA,490.0
2024-09-09,SBD,464.0
2024-09-09,VJW,119.0
2024-09-10,BLR,45.0
2024-09-10,COK,115.0
2024-09-10,MAA,362.0
2024-09-10,SBD,147.0
2024-09-10,VJW,71.0
2024-09-11,BLR,31.0
2024-09-11,COK,130.0
2024-09-11,MAA,389.0
2024-09-11,SBD,109.0
2024-09-11,VJW,4.0
2024-09-12,BLR,28.0
2024-09-12,COK,414.0
2024-09-12,MAA,559.0
2024-09-12,SBD,279.0
2024-09-12,VJW,53.0
2024-09-13,BLR,57.0
2024-09-13,COK,28.0
2024-09-13,MAA,267.0
2024-09-13,SBD,388.0
2024-09-13,VJW,55.0
2024-09-14,COK,378.0
2024-09-14,MAA,180.0
2024-09-14,SBD,54.0
2024-09-14,VJW,37.0
2024-09-16,BLR,97.0
2024-09-16,MAA,326.0
2024-09-16,SBD,60.0
2024-09-16,VJW,102.0
2024-09-17,BLR,196.0
2024-09-17,MAA,891.0
2024-09-17,SBD,94.0
2024-09-17,VJW,8.0
2024-09-18,BLR,40.0
2024-09-18,COK,97.0
2024-09-18,MAA,298.0
2024-09-18,SBD,113.0
2024-09-18,VJW,121.0
2024-09-19,BLR,137.0
2024-09-19,COK,261.0
2024-09-19,MAA,462.0
2024-09-19,SBD,495.0
2024-09-19,VJW,52.0
2024-09-20,BLR,30.0
2024-09-20,COK,288.0
2024-09-20,MAA,282.0
2024-09-20,SBD,139.0
2024-09-20,VJW,1.0
2024-09-21,BLR,386.0
2024-09-21,COK,23.0
2024-09-21,MAA,438.0
2024-09-21,SBD,80.0
2024-09-21,VJW,614.0
2024-09-23,BLR,47.0
2024-09-23,COK,23.0
2024-09-23,MAA,171.0
2024-09-23,SBD,430.0
2024-09-23,VJW,170.0
2024-09-24,BLR,98.0
2024-09-24,COK,84.0
2024-09-24,MAA,364.0
2024-09-24,SBD,101.0
2024-09-24,VJW,92.0
2024-09-25,BLR,67.0
2024-09-25,COK,88.0
2024-09-25,MAA,332.0
2024-09-25,SBD,518.0
2024-09-25,VJW,152.0
2024-09-26,BLR,193.0
2024-09-26,COK,37.0
2024-09-26,MAA,258.0
2024-09-26,SBD,1018.0
2024-09-26,VJW,405.0
2024-09-27,BLR,389.0
2024-09-27,COK,178.0
2024-09-27,MAA,440.0
2024-09-27,SBD,510.0
2024-09-27,VJW,132.0
2024-09-28,BLR,345.0
2024-09-28,COK,48.0
2024-09-28,MAA,467.0
2024-09-28,SBD,-127.0
2024-09-28,VJW,833.0
2024-09-29,BLR,10.0
2024-09-29,COK,1.0
2024-09-29,MAA,172.0
2024-09-29,SBD,10.0
2024-09-29,VJW,122.0
2024-09-30,BLR,1155.0
2024-09-30,COK,149.0
2024-09-30,MAA,997.0
2024-09-30,SBD,605.0
2024-09-30,VJW,478.0
2024-10-03,MAA,426.0
2024-10-04,BLR,89.0
2024-10-04,COK,113.0
2024-10-04,MAA,1418.0
2024-10-04,VJW,513.0
2024-10-05,BLR,101.0
2024-10-05,COK,19.0
2024-10-05,MAA,397.0
2024-10-05,SBD,1072.0
2024-10-05,VJW,249.0
2024-10-07,BLR,38.0
2024-10-07,COK,10.0
2024-10-07,MAA,194.0
2024-10-07,SBD,271.0
2024-10-07,VJW,190.0
2024-10-08,BLR,17.0
2024-10-08,COK,473.0
2024-10-08,MAA,294.0
2024-10-08,SBD,109.0
2024-10-08,VJW,357.0
2024-10-09,BLR,55.0
2024-10-09,COK,138.0
2024-10-09,MAA,236.0
2024-10-09,SBD,348.0
2024-10-09,VJW,439.0
2024-10-10,BLR,87.0
2024-10-10,COK,284.0
2024-10-10,MAA,371.0
2024-10-10,SBD,661.0
2024-10-10,VJW,893.0
2024-10-11,COK,72.0
2024-10-11,MAA,318.0
2024-10-11,SBD,147.0
2024-10-11,VJW,226.0
2024-10-14,BLR,105.0
2024-10-14,COK,136.0
2024-10-14,MAA,410.0
2024-10-14,SBD,212.0
2024-10-14,VJW,75.0
2024-10-15,BLR,47.0
2024-10-15,COK,37.0
2024-10-15,MAA,535.0
2024-10-15,SBD,19.0
2024-10-15,VJW,189.0
2024-10-16,BLR,133.0
2024-10-16,COK,103.0
2024-10-16,MAA,264.0
2024-10-16,SBD,127.0
2024-10-16,VJW,228.0
2024-10-17,BLR,120.0
2024-10-17,COK,54.0
2024-10-17,MAA,331.0
2024-10-17,SBD,250.0
2024-10-17,VJW,130.0
2024-10-18,BLR,173.0
2024-10-18,COK,81.0
2024-10-18,MAA,306.0
2024-10-18,SBD,103.0
2024-10-18,VJW,6.0
2024-10-19,COK,46.0
2024-10-19,MAA,176.0
2024-10-19,SBD,174.0
2024-10-19,VJW,25.0
2024-10-21,BLR,62.0
2024-10-21,COK,40.0
2024-10-21,MAA,56.0
2024-10-21,SBD,325.0
2024-10-21,VJW,47.0
2024-10-22,BLR,60.0
2024-10-22,COK,62.0
2024-10-22,MAA,292.0
2024-10-22,SBD,74.0
2024-10-22,VJW,36.0
2024-10-23,BLR,23.0
2024-10-23,COK,33.0
2024-10-23,MAA,46.0
2024-10-23,SBD,151.0
2024-10-23,VJW,65.0
2024-10-24,BLR,55.0
2024-10-24,COK,54.0
2024-10-24,MAA,344.0
2024-10-24,SBD,211.0
2024-10-24,VJW,449.0
2024-10-25,BLR,27.0
2024-10-25,COK,86.0
2024-10-25,MAA,93.0
2024-10-25,SBD,154.0
2024-10-25,VJW,273.0
2024-10-26,BLR,59.0
2024-10-26,COK,160.0
2024-10-26,MAA,76.0
2024-10-26,SBD,160.0
2024-10-26,VJW,27.0
2024-10-28,BLR,194.0
2024-10-28,COK,32.0
2024-10-28,MAA,414.0
2024-10-28,SBD,550.0
2024-10-28,VJW,112.0
2024-10-29,BLR,557.0
2024-10-29,COK,42.0
2024-10-29,MAA,59.0
2024-10-29,SBD,213.0
2024-10-29,VJW,112.0
2024-10-30,BLR,397.0
2024-10-30,COK,49.0
2024-10-30,MAA,748.0
2024-10-30,SBD,470.0
2024-10-30,VJW,538.0
2024-11-04,COK,79.0
2024-11-04,MAA,2.0
2024-11-04,SBD,29.0
2024-11-04,VJW,38.0
2024-11-05,BLR,26.0
2024-11-05,COK,282.0
2024-11-05,MAA,199.0
2024-11-05,SBD,171.0
2024-11-05,VJW,7.0
2024-11-06,BLR,6.0
2024-11-06,COK,56.0
2024-11-06,MAA,460.0
2024-11-06,SBD,214.0
2024-11-06,VJW,5.0
2024-11-07,BLR,23.0
2024-11-07,COK,249.0
2024-11-07,MAA,194.0
2024-11-07,SBD,131.0
2024-11-08,BLR,36.0
2024-11-08,COK,110.0
2024-11-08,MAA,109.0
2024-11-08,SBD,139.0
2024-11-08,VJW,14.0
2024-11-09,BLR,2.0
2024-11-09,COK,320.0
2024-11-09,MAA,156.0
2024-11-09,SBD,84.0
2024-11-11,BLR,50.0
2024-11-11,COK,207.0
2024-11-11,MAA,267.0
2024-11-11,SBD,75.0
2024-11-11,VJW,24.0
2024-11-12,BLR,78.0
2024-11-12,COK,247.0
2024-11-12,MAA,213.0
2024-11-12,SBD,76.0
2024-11-12,VJW,279.0
2024-11-13,BLR,18.0
2024-11-13,COK,201.0
2024-11-13,MAA,132.0
2024-11-13,SBD,162.0
2024-11-13,VJW,485.0
2024-11-14,BLR,133.0
2024-11-14,COK,87.0
2024-11-14,MAA,316.0
2024-11-14,SBD,272.0
2024-11-14,VJW,17.0
2024-11-15,BLR,204.0
2024-11-15,COK,61.0
2024-11-15,MAA,208.0
2024-11-15,SBD,115.0
2024-11-15,VJW,1.0
2024-11-16,BLR,5.0
2024-11-16,COK,83.0
2024-11-16,MAA,15.0
2024-11-16,SBD,40.0
2024-11-16,VJW,77.0
2024-11-18,BLR,130.0
2024-11-18,COK,146.0
2024-11-18,MAA,84.0
2024-11-18,SBD,93.0
2024-11-18,VJW,3.0
2024-11-19,BLR,45.0
2024-11-19,COK,48.0
2024-11-19,MAA,285.0
2024-11-19,SBD,96.0
2024-11-19,VJW,50.0
2024-11-20,BLR,114.0
2024-11-20,COK,113.0
2024-11-20,MAA,140.0
2024-11-20,SBD,161.0
2024-11-20,VJW,42.0
2024-11-21,BLR,3.0
2024-11-21,COK,30.0
2024-11-21,MAA,32.0
2024-11-21,SBD,39.0
2024-11-22,BLR,56.0
2024-11-22,COK,59.0
2024-11-22,MAA,477.0
2024-11-22,SBD,95.0
2024-11-22,VJW,28.0
2024-11-23,BLR,42.0
2024-11-23,COK,50.0
2024-11-23,MAA,83.0
2024-11-23,SBD,25.0
2024-11-23,VJW,115.0
2024-11-25,BLR,88.0
2024-11-25,COK,49.0
2024-11-25,MAA,131.0
2024-11-25,SBD,117.0
2024-11-25,VJW,115.0
2024-11-26,BLR,112.0
2024-11-26,COK,66.0
2024-11-26,MAA,496.0
2024-11-26,SBD,300.0
2024-11-26,VJW,153.0
2024-11-27,BLR,104.0
2024-11-27,COK,84.0
2024-11-27,MAA,438.0
2024-11-27,SBD,72.0
2024-11-27,VJW,78.0
2024-11-28,BLR,253.0
2024-11-28,COK,31.0
2024-11-28,MAA,158.0
2024-11-28,SBD,323.0
2024-11-28,VJW,392.0
2024-11-29,BLR,210.0
2024-11-29,COK,30.0
2024-11-29,MAA,398.0
2024-11-29,SBD,475.0
2024-11-29,VJW,232.0
2024-11-30,BLR,630.0
2024-11-30,COK,303.0
2024-11-30,MAA,999.0
2024-11-30,SBD,589.0
2024-11-30,VJW,675.0
2024-12-02,MAA,1.0
2024-12-03,BLR,17.0
2024-12-04,BLR,13.0
2024-12-04,COK,245.0
2024-12-04,MAA,11.0
2024-12-04,VJW,1.0
2024-12-05,BLR,16.0
2024-12-05,COK,157.0
2024-12-05,MAA,14.0
2024-12-05,SBD,80.0
2024-12-05,VJW,30.0
2024-12-06,BLR,-3.0
2024-12-06,COK,299.0
2024-12-06,MAA,1.0
2024-12-06,SBD,106.0
2024-12-06,VJW,10.0
2024-12-07,COK,64.0
2024-12-07,MAA,4.0
2024-12-07,SBD,43.0
2024-12-07,VJW,3.0
2024-12-09,BLR,89.0
2024-12-09,COK,115.0
2024-12-09,MAA,117.0
2024-12-09,SBD,101.0
2024-12-09,VJW,12.0
2024-12-10,BLR,40.0
2024-12-10,COK,209.0
2024-12-10,MAA,70.0
2024-12-10,SBD,16.0
2024-12-11,BLR,40.0
2024-12-11,COK,235.0
2024-12-11,MAA,78.0
2024-12-11,SBD,65.0
2024-12-11,VJW,21.0
2024-12-12,BLR,65.0
2024-12-12,COK,221.0
2024-12-12,MAA,52.0
2024-12-12,SBD,59.0
2024-12-12,VJW,6.0
2024-12-13,BLR,70.0
2024-12-13,COK,703.0
2024-12-13,MAA,115.0
2024-12-13,SBD,15.0
2024-12-13,VJW,2.0
2024-12-14,BLR,1.0
2024-12-14,COK,424.0
2024-12-14,MAA,1.0
2024-12-14,SBD,29.0
2024-12-14,VJW,93.0
2024-12-16,BLR,42.0
2024-12-16,COK,182.0
2024-12-16,MAA,111.0
2024-12-16,SBD,135.0
2024-12-16,VJW,254.0
2024-12-17,BLR,117.0
2024-12-17,COK,233.0
2024-12-17,MAA,166.0
2024-12-17,SBD,79.0
2024-12-17,VJW,8.0
2024-12-18,BLR,278.0
2024-12-18,COK,164.0
2024-12-18,MAA,371.0
2024-12-18,SBD,2855.0
2024-12-18,VJW,269.0
2024-12-19,BLR,293.0
2024-12-19,COK,525.0
2024-12-19,MAA,292.0
2024-12-19,SBD,2820.0
2024-12-19,VJW,1508.0
2024-12-20,BLR,215.0
2024-12-20,COK,212.0
2024-12-20,MAA,711.0
2024-12-20,SBD,2227.0
2024-12-20,VJW,573.0
2024-12-21,BLR,120.0
2024-12-21,COK,14.0
2024-12-21,MAA,427.0
2024-12-21,SBD,2453.0
2024-12-21,VJW,1249.0
2024-12-23,BLR,622.0
2024-12-23,COK,842.0
2024-12-23,MAA,318.0
2024-12-23,SBD,1166.0
2024-12-23,VJW,653.0
2024-12-24,BLR,220.0
2024-12-24,COK,143.0
2024-12-24,MAA,2418.0
2024-12-24,SBD,422.0
2024-12-24,VJW,348.0
2024-12-25,BLR,361.0
2024-12-25,COK,240.0
2024-12-25,MAA,1192.0
2024-12-25,SBD,844.0
2024-12-25,VJW,1298.0
2024-12-26,BLR,298.0
2024-12-26,COK,157.0
2024-12-26,MAA,1369.0
2024-12-26,SBD,167.0
2024-12-26,VJW,1081.0
2024-12-27,BLR,280.0
2024-12-27,COK,302.0
2024-12-27,MAA,2089.0
2024-12-27,SBD,514.0
2024-12-27,VJW,1006.0
2024-12-28,BLR,441.0
2024-12-28,COK,86.0
2024-12-28,MAA,6015.0
2024-12-28,SBD,1165.0
2024-12-28,VJW,24.0
2024-12-29,BLR,161.0
2024-12-29,MAA,5093.0
2024-12-29,SBD,377.0
2024-12-29,VJW,90.0
2024-12-30,BLR,542.0
2024-12-30,COK,338.0
2024-12-30,MAA,2576.0
2024-12-30,SBD,772.0
2024-12-30,VJW,2350.0
2024-12-31,BLR,945.0
2024-12-31,COK,426.0
2024-12-31,MAA,3277.0
2024-12-31,SBD,1608.0
2024-12-31,VJW,1016.0
2025-01-03,MAA,1.0
2025-01-04,BLR,54.0
2025-01-04,MAA,108.0
2025-01-06,BLR,42.0
2025-01-06,COK,750.0
2025-01-06,SBD,102.0
2025-01-07,MAA,63.0
2025-01-08,BLR,82.0
2025-01-08,MAA,142.0
2025-01-08,SBD,79.0
2025-01-09,BLR,20.0
2025-01-09,COK,43.0
2025-01-09,MAA,645.0
2025-01-09,SBD,4.0
2025-01-10,BLR,121.0
2025-01-10,MAA,507.0
2025-01-10,SBD,132.0
2025-01-11,BLR,92.0
2025-01-11,COK,117.0
2025-01-11,MAA,368.0
2025-01-11,SBD,389.0
2025-01-13,BLR,194.0
2025-01-13,MAA,691.0
2025-01-13,SBD,841.0
2025-01-13,VJW,454.0
2025-01-14,SBD,587.0
2025-01-15,COK,3.0
2025-01-16,BLR,354.0
2025-01-16,COK,18.0
2025-01-16,MAA,564.0
2025-01-17,BLR,23.0
2025-01-17,COK,30.0
2025-01-17,MAA,125.0
2025-01-17,SBD,273.0
2025-01-18,BLR,151.0
2025-01-18,COK,89.0
2025-01-18,MAA,85.0
2025-01-18,SBD,5.0
2025-01-18,VJW,1.0
2025-01-20,BLR,621.0
2025-01-20,COK,52.0
2025-01-20,MAA,83.0
2025-01-20,SBD,339.0
2025-01-20,VJW,6.0
2025-01-21,BLR,117.0
2025-01-21,COK,23.0
2025-01-21,MAA,32.0
2025-01-21,SBD,290.0
2025-01-21,VJW,54.0
2025-01-22,BLR,37.0
2025-01-22,COK,54.0
2025-01-22,MAA,119.0
2025-01-22,SBD,-9.0
2025-01-22,VJW,-3.0
2025-01-23,BLR,204.0
2025-01-23,COK,419.0
2025-01-23,MAA,226.0
2025-01-23,SBD,557.0
2025-01-23,VJW,266.0
2025-01-24,BLR,178.0
2025-01-24,COK,85.0
2025-01-24,MAA,273.0
2025-01-24,SBD,390.0
2025-01-24,VJW,133.0
2025-01-25,BLR,33.0
2025-01-25,COK,615.0
2025-01-25,MAA,135.0
2025-01-25,SBD,63.0
2025-01-26,MAA,390.0
2025-01-27,BLR,101.0
2025-01-27,COK,161.0
2025-01-27,MAA,1122.0
2025-01-27,SBD,45.0
2025-01-27,VJW,230.0
2025-01-28,BLR,435.0
2025-01-28,COK,256.0
2025-01-28,MAA,934.0
2025-01-28,SBD,464.0
2025-01-28,VJW,32.0
2025-01-29,BLR,44.0
2025-01-29,COK,505.0
2025-01-29,MAA,964.0
2025-01-29,SBD,4395.0
2025-01-29,VJW,712.0
2025-01-30,BLR,317.0
2025-01-30,COK,121.0
2025-01-30,MAA,3459.0
2025-01-30,SBD,1379.0
2025-01-30,VJW,290.0
2025-01-31,BLR,1402.0
2025-01-31,COK,276.0
2025-01-31,MAA,1927.0
2025-01-31,SBD,576.0
2025-01-31,VJW,1291.0
2025-02-03,MAA,1.0
2025-02-04,BLR,7.0
2025-02-04,MAA,25.0
2025-02-04,SBD,110.0
2025-02-04,VJW,143.0
2025-02-05,BLR,46.0
2025-02-05,COK,7.0
2025-02-05,MAA,2.0
2025-02-05,SBD,33.0
2025-02-05,VJW,10.0
2025-02-06,BLR,30.0
2025-02-06,COK,24.0
2025-02-06,MAA,94.0
2025-02-06,SBD,1477.0
2025-02-06,VJW,276.0
2025-02-07,BLR,8.0
2025-02-07,COK,6.0
2025-02-07,MAA,52.0
2025-02-07,SBD,344.0
2025-02-07,VJW,2606.0
2025-02-08,BLR,1.0
2025-02-08,COK,1.0
2025-02-08,MAA,57.0
2025-02-08,SBD,94.0
2025-02-08,VJW,356.0
2025-02-10,BLR,10.0
2025-02-10,COK,187.0
2025-02-10,MAA,563.0
2025-02-10,SBD,84.0
2025-02-10,VJW,493.0
2025-02-11,BLR,77.0
2025-02-11,COK,874.0
2025-02-11,MAA,85.0
2025-02-11,SBD,44.0
2025-02-11,VJW,1650.0
2025-02-12,BLR,47.0
2025-02-12,COK,526.0
2025-02-12,MAA,121.0
2025-02-12,SBD,133.0
2025-02-12,VJW,1140.0
2025-02-13,BLR,0.0
2025-02-13,COK,424.0
2025-02-13,MAA,253.0
2025-02-13,SBD,211.0
2025-02-13,VJW,1209.0
2025-02-14,BLR,93.0
2025-02-14,COK,503.0
2025-02-14,MAA,112.0
2025-02-14,SBD,165.0
2025-02-14,VJW,208.0
2025-02-15,BLR,1.0
2025-02-15,COK,643.0
2025-02-15,MAA,30.0
2025-02-15,SBD,131.0
2025-02-15,VJW,102.0
2025-02-17,BLR,15.0
2025-02-17,COK,485.0
2025-02-17,MAA,47.0
2025-02-17,SBD,68.0
2025-02-17,VJW,78.0
2025-02-18,BLR,372.0
2025-02-18,COK,377.0
2025-02-18,MAA,202.0
2025-02-18,SBD,429.0
2025-02-18,VJW,370.0
2025-02-19,BLR,32.0
2025-02-19,COK,228.0
2025-02-19,MAA,110.0
2025-02-19,SBD,350.0
2025-02-19,VJW,129.0
2025-02-20,BLR,128.0
2025-02-20,COK,535.0
2025-02-20,MAA,-54.0
2025-02-20,SBD,242.0
2025-02-20,VJW,189.0
2025-02-21,BLR,270.0
2025-02-21,COK,754.0
2025-02-21,MAA,89.0
2025-02-21,SBD,265.0
2025-02-21,VJW,159.0
2025-02-22,BLR,212.0
2025-02-22,COK,220.0
2025-02-22,MAA,896.0
2025-02-22,SBD,4621.0
2025-02-22,VJW,303.0
2025-02-23,SBD,1245.0
2025-02-24,BLR,112.0
2025-02-24,COK,429.0
2025-02-24,MAA,578.0
2025-02-24,SBD,441.0
2025-02-24,VJW,141.0
2025-02-25,BLR,597.0
2025-02-25,COK,299.0
2025-02-25,MAA,1053.0
2025-02-25,SBD,171.0
2025-02-25,VJW,438.0
2025-02-26,BLR,317.0
2025-02-26,COK,546.0
2025-02-26,MAA,894.0
2025-02-26,SBD,462.0
2025-02-26,VJW,771.0
2025-02-27,BLR,751.0
2025-02-27,COK,306.0
2025-02-27,MAA,2623.0
2025-02-27,SBD,829.0
2025-02-27,VJW,283.0
2025-02-28,BLR,2094.0
2025-02-28,COK,201.0
2025-02-28,MAA,6399.0
2025-02-28,SBD,1320.0
2025-02-28,VJW,1327.0
2025-03-01,BLR,1.0
2025-03-03,BLR,43.0
2025-03-03,COK,262.0
2025-03-03,MAA,347.0
2025-03-03,VJW,2.0
2025-03-04,BLR,264.0
2025-03-04,COK,342.0
2025-03-04,MAA,1066.0
2025-03-04,SBD,2298.0
2025-03-04,VJW,1604.0
2025-03-05,BLR,64.0
2025-03-05,COK,544.0
2025-03-05,MAA,220.0
2025-03-05,SBD,4505.0
2025-03-05,VJW,425.0
2025-03-06,BLR,69.0
2025-03-06,COK,505.0
2025-03-06,MAA,219.0
2025-03-06,SBD,1597.0
2025-03-06,VJW,567.0
2025-03-07,BLR,459.0
2025-03-07,COK,512.0
2025-03-07,MAA,646.0
2025-03-07,SBD,1820.0
2025-03-07,VJW,208.0
2025-03-08,BLR,160.0
2025-03-08,COK,710.0
2025-03-08,MAA,205.0
2025-03-08,SBD,1381.0
2025-03-08,VJW,240.0
2025-03-09,BLR,147.0
2025-03-09,COK,324.0
2025-03-09,MAA,60.0
2025-03-09,SBD,2158.0
2025-03-09,VJW,960.0
2025-03-10,BLR,542.0
2025-03-10,COK,750.0
2025-03-10,MAA,244.0
2025-03-10,SBD,615.0
2025-03-10,VJW,1378.0
2025-03-11,BLR,177.0
2025-03-11,COK,491.0
2025-03-11,MAA,128.0
2025-03-11,SBD,330.0
2025-03-11,VJW,860.0
2025-03-12,BLR,154.0
2025-03-12,COK,478.0
2025-03-12,MAA,327.0
2025-03-12,SBD,1416.0
2025-03-12,VJW,430.0
2025-03-13,BLR,236.0
2025-03-13,COK,484.0
2025-03-13,MAA,118.0
2025-03-13,SBD,1712.0
2025-03-13,VJW,305.0
2025-03-14,BLR,333.0
2025-03-14,COK,378.0
2025-03-14,MAA,215.0
2025-03-14,SBD,980.0
2025-03-14,VJW,294.0
2025-03-15,BLR,141.0
2025-03-15,COK,390.0
2025-03-15,MAA,716.0
2025-03-15,SBD,242.0
2025-03-15,VJW,345.0
2025-03-16,COK,172.0
2025-03-17,BLR,150.0
2025-03-17,COK,731.0
2025-03-17,MAA,391.0
2025-03-17,SBD,210.0
2025-03-17,VJW,304.0
2025-03-18,BLR,194.0
2025-03-18,COK,465.0
2025-03-18,MAA,101.0
2025-03-18,SBD,618.0
2025-03-18,VJW,600.0
2025-03-19,BLR,124.0
2025-03-19,COK,691.0
2025-03-19,MAA,134.0
2025-03-19,SBD,1282.0
2025-03-19,VJW,581.0
2025-03-20,BLR,86.0
2025-03-20,COK,208.0
2025-03-20,MAA,1319.0
2025-03-20,SBD,1072.0
2025-03-20,VJW,60.0
2025-03-21,BLR,546.0
2025-03-21,COK,361.0
2025-03-21,MAA,1046.0
2025-03-21,SBD,880.0
2025-03-21,VJW,183.0
2025-03-22,BLR,337.0
2025-03-22,COK,447.0
2025-03-22,MAA,964.0
2025-03-22,SBD,234.0
2025-03-22,VJW,363.0
2025-03-23,COK,50.0
2025-03-23,MAA,267.0
2025-03-23,SBD,46.0
2025-03-23,VJW,141.0
2025-03-24,BLR,434.0
2025-03-24,COK,150.0
2025-03-24,MAA,834.0
2025-03-24,SBD,692.0
2025-03-24,VJW,228.0
2025-03-25,BLR,446.0
2025-03-25,COK,530.0
2025-03-25,MAA,509.0
2025-03-25,SBD,213.0
2025-03-25,VJW,410.0
2025-03-26,BLR,417.0
2025-03-26,COK,379.0
2025-03-26,MAA,1492.0
2025-03-26,SBD,993.0
2025-03-26,VJW,828.0
2025-03-27,BLR,606.0
2025-03-27,COK,126.0
2025-03-27,MAA,1447.0
2025-03-27,SBD,1014.0
2025-03-27,VJW,281.0
2025-03-28,BLR,589.0
2025-03-28,COK,348.0
2025-03-28,MAA,1303.0
2025-03-28,SBD,607.0
2025-03-28,VJW,710.0
2025-03-29,BLR,899.0
2025-03-29,COK,102.0
2025-03-29,MAA,1386.0
2025-03-29,SBD,417.0
2025-03-29,VJW,2645.0
2025-03-30,BLR,685.0
2025-03-30,COK,94.0
2025-03-30,MAA,2731.0
2025-03-30,SBD,718.0
2025-03-30,VJW,1097.0
2025-03-31,BLR,454.0
2025-03-31,COK,28.0
2025-03-31,MAA,1607.0
2025-03-31,SBD,1189.0
2025-03-31,VJW,1374.0
2025-04-04,COK,50.0
2025-04-04,MAA,400.0
2025-04-04,VJW,122.0
2025-04-05,COK,194.0
2025-04-05,MAA,1769.0
2025-04-05,SBD,15.0
2025-04-05,VJW,106.0
2025-04-06,MAA,264.0
2025-04-07,BLR,25.0
2025-04-07,COK,270.0
2025-04-07,MAA,834.0
2025-04-07,SBD,263.0
2025-04-07,VJW,313.0
2025-04-08,BLR,132.0
2025-04-08,COK,161.0
2025-04-08,MAA,1324.0
2025-04-08,SBD,709.0
2025-04-08,VJW,408.0
2025-04-09,BLR,33.0
2025-04-09,COK,114.0
2025-04-09,MAA,675.0
2025-04-09,SBD,89.0
2025-04-09,VJW,195.0
2025-04-10,BLR,7.0
2025-04-10,COK,311.0
2025-04-10,MAA,821.0
2025-04-10,SBD,390.0
2025-04-10,VJW,75.0
2025-04-11,BLR,11.0
2025-04-11,COK,199.0
2025-04-11,MAA,232.0
2025-04-11,SBD,257.0
2025-04-11,VJW,191.0
2025-04-12,BLR,387.0
2025-04-12,COK,274.0
2025-04-12,MAA,744.0
2025-04-12,SBD,81.0
2025-04-12,VJW,339.0
2025-04-14,BLR,-6.0
2025-04-14,COK,23.0
2025-04-14,MAA,2.0
2025-04-14,SBD,217.0
2025-04-14,VJW,151.0
2025-04-15,BLR,85.0
2025-04-15,COK,48.0
2025-04-15,MAA,444.0
2025-04-15,SBD,350.0
2025-04-15,VJW,237.0
2025-04-16,BLR,74.0
2025-04-16,COK,426.0
2025-04-16,MAA,386.0
2025-04-16,SBD,538.0
2025-04-16,VJW,321.0
2025-04-17,BLR,18.0
2025-04-17,COK,506.0
2025-04-17,MAA,224.0
2025-04-17,SBD,271.0
2025-04-17,VJW,255.0
2025-04-18,BLR,50.0
2025-04-18,COK,30.0
2025-04-18,MAA,70.0
2025-04-18,SBD,384.0
2025-04-18,VJW,185.0
2025-04-19,BLR,24.0
2025-04-19,COK,42.0
2025-04-19,MAA,595.0
2025-04-19,SBD,156.0
2025-04-19,VJW,219.0
2025-04-21,BLR,20.0
2025-04-21,COK,30.0
2025-04-21,MAA,831.0
2025-04-21,SBD,93.0
2025-04-21,VJW,293.0
2025-04-22,BLR,165.0
2025-04-22,COK,81.0
2025-04-22,MAA,762.0
2025-04-22,SBD,268.0
2025-04-22,VJW,317.0
2025-04-23,BLR,105.0
2025-04-23,COK,165.0
2025-04-23,MAA,738.0
2025-04-23,SBD,344.0
2025-04-23,VJW,88.0
2025-04-24,BLR,32.0
2025-04-24,COK,114.0
2025-04-24,MAA,511.0
2025-04-24,SBD,402.0
2025-04-24,VJW,72.0
2025-04-25,BLR,51.0
2025-04-25,COK,326.0
2025-04-25,MAA,1187.0
2025-04-25,SBD,620.0
2025-04-25,VJW,1036.0
2025-04-26,BLR,126.0
2025-04-26,COK,155.0
2025-04-26,MAA,750.0
2025-04-26,SBD,491.0
2025-04-26,VJW,142.0
2025-04-27,COK,272.0
2025-04-27,MAA,722.0
2025-04-28,BLR,217.0
2025-04-28,COK,288.0
2025-04-28,MAA,702.0
2025-04-28,SBD,277.0
2025-04-28,VJW,219.0
2025-04-29,BLR,328.0
2025-04-29,COK,737.0
2025-04-29,MAA,1664.0
2025-04-29,SBD,483.0
2025-04-29,VJW,291.0
2025-04-30,BLR,785.0
2025-04-30,COK,1192.0
2025-04-30,MAA,3644.0
2025-04-30,SBD,1029.0
2025-04-30,VJW,1264.0
2025-05-02,BLR,2.0
2025-05-02,COK,1.0
2025-05-02,MAA,50.0
2025-05-02,SBD,10.0
2025-05-02,VJW,32.0
2025-05-03,BLR,4.0
2025-05-03,COK,324.0
2025-05-03,MAA,53.0
2025-05-03,VJW,132.0
2025-05-05,BLR,98.0
2025-05-05,COK,27.0
2025-05-05,MAA,146.0
2025-05-05,SBD,129.0
2025-05-05,VJW,293.0
2025-05-06,BLR,23.0
2025-05-06,COK,34.0
2025-05-06,MAA,150.0
2025-05-06,SBD,221.0
2025-05-06,VJW,63.0
2025-05-07,BLR,60.0
2025-05-07,COK,21.0
2025-05-07,MAA,438.0
2025-05-07,SBD,136.0
2025-05-07,VJW,149.0
2025-05-08,BLR,18.0
2025-05-08,COK,135.0
2025-05-08,MAA,327.0
2025-05-08,SBD,75.0
2025-05-09,BLR,67.0
2025-05-09,COK,80.0
2025-05-09,MAA,297.0
2025-05-09,SBD,151.0
2025-05-09,VJW,408.0
2025-05-10,BLR,30.0
2025-05-10,COK,148.0
2025-05-10,MAA,493.0
2025-05-10,SBD,84.0
2025-05-10,VJW,208.0
2025-05-12,BLR,24.0
2025-05-12,COK,82.0
2025-05-12,MAA,98.0
2025-05-12,SBD,132.0
2025-05-12,VJW,48.0
2025-05-13,BLR,62.0
2025-05-13,COK,193.0
2025-05-13,MAA,364.0
2025-05-13,SBD,122.0
2025-05-13,VJW,7.0
2025-05-14,BLR,81.0
2025-05-14,COK,37.0
2025-05-14,MAA,554.0
2025-05-14,SBD,107.0
2025-05-14,VJW,137.0
2025-05-15,BLR,78.0
2025-05-15,COK,186.0
2025-05-15,MAA,211.0
2025-05-15,SBD,136.0
2025-05-15,VJW,298.0
2025-05-16,BLR,83.0
2025-05-16,COK,158.0
2025-05-16,MAA,134.0
2025-05-16,SBD,163.0
2025-05-16,VJW,114.0
2025-05-17,BLR,127.0
2025-05-17,COK,449.0
2025-05-17,MAA,24.0
2025-05-17,SBD,50.0
2025-05-17,VJW,181.0
2025-05-19,BLR,188.0
2025-05-19,COK,110.0
2025-05-19,MAA,88.0
2025-05-19,SBD,205.0
2025-05-19,VJW,29.0
2025-05-20,BLR,92.0
2025-05-20,COK,179.0
2025-05-20,MAA,786.0
2025-05-20,SBD,74.0
2025-05-20,VJW,43.0
2025-05-21,BLR,56.0
2025-05-21,COK,28.0
2025-05-21,MAA,737.0
2025-05-21,SBD,57.0
2025-05-21,VJW,18.0
2025-05-22,BLR,16.0
2025-05-22,COK,30.0
2025-05-22,MAA,306.0
2025-05-22,SBD,76.0
2025-05-22,VJW,121.0
2025-05-23,BLR,34.0
2025-05-23,COK,64.0
2025-05-23,MAA,83.0
2025-05-23,SBD,516.0
2025-05-23,VJW,125.0
2025-05-24,BLR,41.0
2025-05-24,COK,23.0
2025-05-24,MAA,239.0
2025-05-24,SBD,5.0
2025-05-24,VJW,110.0
2025-05-26,BLR,194.0
2025-05-26,COK,71.0
2025-05-26,MAA,39.0
2025-05-26,SBD,30.0
2025-05-26,VJW,128.0
2025-05-27,BLR,67.0
2025-05-27,COK,228.0
2025-05-27,MAA,282.0
2025-05-27,SBD,163.0
2025-05-27,VJW,238.0
2025-05-28,BLR,140.0
2025-05-28,COK,402.0
2025-05-28,MAA,-154.0
2025-05-28,SBD,86.0
2025-05-28,VJW,7.0
2025-05-29,BLR,200.0
2025-05-29,COK,434.0
2025-05-29,MAA,249.0
2025-05-29,SBD,160.0
2025-05-29,VJW,132.0
2025-05-30,BLR,345.0
2025-05-30,COK,139.0
2025-05-30,MAA,1212.0
2025-05-30,SBD,333.0
2025-05-30,VJW,423.0
2025-05-31,BLR,808.0
2025-05-31,COK,346.0
2025-05-31,MAA,2152.0
2025-05-31,SBD,529.0
2025-05-31,VJW,893.0
2025-06-02,MAA,1.0
2025-06-03,MAA,1.0
2025-06-03,VJW,97.0
2025-06-04,BLR,6.0
2025-06-04,COK,2.0
2025-06-04,MAA,17.0
2025-06-04,SBD,82.0
2025-06-04,VJW,47.0
2025-06-05,COK,40.0
2025-06-05,MAA,15.0
2025-06-05,SBD,30.0
2025-06-06,BLR,30.0
2025-06-06,COK,13.0
2025-06-06,MAA,192.0
2025-06-06,SBD,16.0
2025-06-06,VJW,25.0
2025-06-07,BLR,22.0
2025-06-07,COK,3.0
2025-06-07,VJW,1.0
2025-06-09,BLR,7.0
2025-06-09,COK,15.0
2025-06-09,MAA,14.0
2025-06-09,SBD,46.0
2025-06-09,VJW,242.0
2025-06-10,BLR,9.0
2025-06-10,COK,30.0
2025-06-10,MAA,39.0
2025-06-10,SBD,5.0
2025-06-10,VJW,27.0
2025-06-11,BLR,85.0
2025-06-11,COK,19.0
2025-06-11,MAA,140.0
2025-06-11,SBD,16.0
2025-06-11,VJW,15.0
2025-06-12,BLR,56.0
2025-06-12,COK,15.0
2025-06-12,MAA,145.0
2025-06-12,SBD,66.0
2025-06-12,VJW,120.0
2025-06-13,BLR,37.0
2025-06-13,COK,193.0
2025-06-13,MAA,93.0
2025-06-13,SBD,133.0
2025-06-13,VJW,330.0
2025-06-14,BLR,29.0
2025-06-14,COK,81.0
2025-06-14,MAA,234.0
2025-06-14,SBD,27.0
2025-06-14,VJW,360.0
2025-06-16,BLR,59.0
2025-06-16,COK,70.0
2025-06-16,MAA,132.0
2025-06-16,SBD,86.0
2025-06-16,VJW,76.0
2025-06-17,COK,85.0
2025-06-17,MAA,158.0
2025-06-17,SBD,196.0
2025-06-17,VJW,100.0
2025-06-18,BLR,24.0
2025-06-18,COK,32.0
2025-06-18,MAA,262.0
2025-06-18,SBD,20.0
2025-06-18,VJW,60.0
2025-06-19,BLR,27.0
2025-06-19,COK,31.0
2025-06-19,MAA,136.0
2025-06-19,SBD,65.0
2025-06-19,VJW,51.0
2025-06-20,BLR,44.0
2025-06-20,COK,139.0
2025-06-20,MAA,429.0
2025-06-20,SBD,130.0
2025-06-20,VJW,80.0
2025-06-21,BLR,115.0
2025-06-21,COK,243.0
2025-06-21,MAA,50.0
2025-06-21,SBD,28.0
2025-06-21,VJW,56.0
2025-06-23,BLR,-5.0
2025-06-23,COK,33.0
2025-06-23,MAA,77.0
2025-06-23,SBD,3.0
2025-06-23,VJW,105.0
2025-06-24,BLR,19.0
2025-06-24,COK,88.0
2025-06-24,MAA,277.0
2025-06-24,SBD,106.0
2025-06-24,VJW,13.0
2025-06-25,BLR,106.0
2025-06-25,COK,40.0
2025-06-25,MAA,725.0
2025-06-25,SBD,196.0
2025-06-25,VJW,150.0
2025-06-26,BLR,87.0
2025-06-26,COK,92.0
2025-06-26,MAA,64.0
2025-06-26,SBD,176.0
2025-06-26,VJW,298.0
2025-06-27,BLR,117.0
2025-06-27,COK,446.0
2025-06-27,MAA,1007.0
2025-06-27,SBD,140.0
2025-06-27,VJW,162.0
2025-06-28,BLR,47.0
2025-06-28,COK,70.0
2025-06-28,MAA,455.0
2025-06-28,SBD,395.0
2025-06-28,VJW,471.0
2025-06-29,MAA,340.0
2025-06-29,SBD,118.0
2025-06-29,VJW,244.0
2025-06-30,BLR,943.0
2025-06-30,COK,446.0
2025-06-30,MAA,1864.0
2025-06-30,SBD,911.0
2025-06-30,VJW,946.0
